"","X.1","X","Lane","cresid","sample_date","ST","source","cluster"
"1",1,1,"42139_1#238","CIS10GB1","2019-09-02","ST15","Neonate's cot",29
"2",2,2,"42139_1#270","CIT10ES1","2019-10-17","ST15","Neonate's stool",29
"3",3,3,"42139_1#272","CIT10FB1","2019-10-20","ST15","Neonate's cot",29
"4",4,4,"47963_2#235","CIV10SE7","2019-10-20","ST15","Ward surfaces",29
"5",5,5,"47963_2#201","CIV10YE6","2019-11-10","ST15","Ward surfaces",29
"6",6,6,"42756_2#215","CIV111E2","2019-11-17","ST15","Ward surfaces",29
"7",7,7,"42139_1#258","CIS149B1","2019-11-24","ST15","Neonate's cot",29
"8",8,8,"42139_1#153","CIT13RB1","2019-12-01","ST15","Neonate's cot",29
"9",9,9,"42139_1#262","CIS14DB1","2019-12-01","ST15","Neonate's cot",29
"10",10,10,"42139_1#311","CIS14FB1","2019-12-01","ST15","Neonate's cot",29
"11",11,11,"42756_2#145","CIV130E1","2019-12-01","ST15","Ward surfaces",29
"12",12,12,"42756_2#156","CIV130E3","2019-12-01","ST15","Ward surfaces",29
"13",13,13,"42756_2#228","CIV116E8","2019-12-01","ST15","Ward surfaces",29
"14",14,14,"42756_3#37","CIV116E3","2019-12-01","ST15","Ward surfaces",29
"15",15,15,"47963_2#193","CIV116U1","2019-12-01","ST15","Ward surfaces",29
"16",16,16,"47963_2#210","CIT13RH1","2019-12-01","ST15","Mother's hands",29
"17",17,17,"47963_2#289","CIV116E6","2019-12-01","ST15","Ward surfaces",29
"18",18,18,"42139_1#313","CIS14HB1","2019-12-02","ST15","Neonate's cot",29
"19",19,19,"42139_1#223","CIT13TB1","2019-12-04","ST15","Neonate's cot",29
"20",20,20,"42139_1#241","CIT13TS1","2019-12-04","ST15","Neonate's stool",29
"21",21,21,"42601_1#196","CIT13VH1","2019-12-04","ST15","Mother's hands",29
"22",22,22,"42139_1#255","CIU13MS1","2019-12-05","ST15","Neonate's stool",29
"23",23,23,"42756_2#242","CIU13NH1","2019-12-05","ST15","Mother's hands",29
"24",24,24,"47963_2#188","CIU13LB1","2019-12-05","ST15","Neonate's cot",29
"25",25,25,"47963_2#186","CIV133E8","2019-12-08","ST15","Ward surfaces",29
"26",26,26,"47963_2#227","CIV132E7","2019-12-08","ST15","Ward surfaces",29
"27",27,27,"42601_1#49","CIV136E5","2019-12-15","ST15","Ward surfaces",29
"28",28,28,"42601_1#85","CIV136E8","2019-12-15","ST15","Ward surfaces",29
"29",29,29,"42756_2#299","CIV135E1","2019-12-15","ST15","Ward surfaces",29
"30",30,30,"42756_2#307","CIV135E5","2019-12-15","ST15","Ward surfaces",29
"31",31,31,"42756_2#322","CIV136E3","2019-12-15","ST15","Ward surfaces",29
"32",32,32,"42139_1#337","CIS14XB1","2020-01-30","ST15","Neonate's cot",29
"33",33,33,"42139_1#357","CIU13TS1","2020-02-02","ST15","Neonate's stool",29
"34",34,34,"42139_1#356","CIT151S1","2020-02-05","ST15","Neonate's stool",29
"35",35,35,"47963_2#77","CIT152B1","2020-02-06","ST15","Neonate's cot",29
"36",36,36,"43416_2#267","CIV13LE1","2020-02-10","ST15","Ward surfaces",29
"37",37,37,"42139_1#26","CIS152B1","2020-02-16","ST15","Neonate's cot",29
"38",38,38,"42139_1#29","CIS152C1","2020-02-16","ST15","Swaddling cloth",29
"39",39,39,"42070_1#56","CIT153H1","2020-02-19","ST15","Mother's hands",29
"40",40,40,"42139_1#50","CIT153S1","2020-02-19","ST15","Neonate's stool",29
"41",41,41,"42139_1#94","CIT156S1","2020-02-23","ST15","Neonate's stool",29
"42",42,42,"42139_1#264","CIS158B1","2020-02-24","ST15","Neonate's cot",29
"43",43,43,"43416_2#70","CIV114E9","2019-11-24","ST15","Ward surfaces",29
"44",44,44,"42139_1#298","CIU13RB1","2020-01-28","ST15","Neonate's cot",29
"45",45,45,"42139_1#30","CIS154B1","2020-02-18","ST15","Neonate's cot",29
"46",46,46,"42139_1#49","CIS154C1","2020-02-18","ST15","Swaddling cloth",29
"47",47,47,"42139_1#52","CIT154S1","2020-02-20","ST15","Neonate's stool",29
"48",48,48,"42139_1#214","CIU13WB1","2020-02-23","ST15","Neonate's cot",29
"49",49,49,"42139_1#343","CIU13WS2","2020-02-23","ST15","Mother's stool",29
"50",50,50,"42601_1#35","CIU13ZH1","2020-02-25","ST15","Mother's hands",29
"51",51,51,"47963_2#226","CIV13RE6","2020-03-01","ST15","Ward surfaces",29
"52",52,52,"42139_1#113","CIT15BS1","2020-03-11","ST15","Neonate's stool",29
"53",53,53,"42756_2#230","CIV103E2","2019-09-01","ST17","Ward surfaces",20
"54",54,54,"43416_2#125","CIT108B1","2019-09-05","ST17","Neonate's cot",20
"55",55,55,"43416_2#137","CIT108H1","2019-09-05","ST17","Mother's hands",20
"56",56,56,"43416_2#202","CIV106E1","2019-09-08","ST17","Ward surfaces",20
"57",57,57,"43416_2#200","CIU109S1","2019-09-09","ST17","Neonate's stool",20
"58",58,58,"42139_1#314","CIS10KB1","2019-09-15","ST17","Neonate's cot",20
"59",59,59,"42756_2#177","CIV108U1","2019-09-15","ST17","Ward surfaces",20
"60",60,60,"42756_3#35","CIV10VE2","2019-10-27","ST17","Ward surfaces",20
"61",61,61,"42139_1#56","CIT10GB1","2019-10-30","ST17","Neonate's cot",20
"62",62,62,"43416_2#33","CIV101E1",NA,"ST17","Ward surfaces",20
"63",63,63,"42756_3#161","CIV114E6","2019-11-24","ST17","Ward surfaces",20
"64",64,64,"42601_1#160","CIT101S2","2019-08-15","ST1799","Mother's stool",16
"65",65,65,"42139_1#212","CIU107S1","2019-08-29","ST1799","Neonate's stool",16
"66",66,66,"43416_2#166","CIV105E2","2019-09-08","ST1799","Ward surfaces",16
"67",67,67,"47963_2#169","CIV10VE1","2019-10-27","ST307","Ward surfaces",43
"68",68,68,"47963_2#265","CIV10UE8","2019-10-27","ST307","Ward surfaces",43
"69",69,69,"47963_2#269","CIV10UE5","2019-10-27","ST307","Ward surfaces",43
"70",70,70,"43416_2#46","CIV114E7","2019-11-24","ST307","Ward surfaces",43
"71",71,71,"42139_1#323","CIS14BC1","2019-11-27","ST307","Swaddling cloth",43
"72",72,72,"42601_1#175","CIV116E9","2019-12-01","ST307","Ward surfaces",43
"73",73,73,"42601_1#183","CIV116E5","2019-12-01","ST307","Ward surfaces",43
"74",74,74,"42756_2#231","CIS14FH1","2019-12-01","ST307","Mother's hands",43
"75",75,75,"42139_1#183","CIS14NB1","2020-01-14","ST307","Neonate's cot",43
"76",76,76,"47963_2#106","CIV13BE7","2020-01-19","ST307","Ward surfaces",43
"77",77,77,"42139_1#178","CIS10AB1","2019-08-20","ST3132","Neonate's cot",13
"78",78,78,"42756_3#66","CIV109E6","2019-09-15","ST3132","Ward surfaces",13
"79",79,79,"42139_1#302","CIS13MC1","2019-09-18","ST3132","Swaddling cloth",13
"80",80,80,"42139_1#177","CIS14BB1","2019-11-27","ST3132","Neonate's cot",13
"81",81,81,"42139_1#242","CIS14BH1","2019-11-27","ST3132","Mother's hands",13
"82",82,82,"42601_1#205","CIV143E3","2020-03-29","ST3132","Ward surfaces",13
"83",83,83,"43416_2#7","CIV101E5",NA,"ST3132","Ward surfaces",13
"84",84,84,"42139_1#283","CIS105S1","2019-08-12","ST3132","Neonate's stool",13
"85",85,85,"42139_1#186","CIT102B1","2019-08-15","ST3132","Neonate's cot",13
"86",86,86,"42139_1#188","CIT102S1","2019-08-15","ST3132","Neonate's stool",13
"87",87,87,"42756_2#181","CIV109E3","2019-09-15","ST3132","Ward surfaces",13
"88",88,88,"42139_1#332","CIS13MB1","2019-09-18","ST3132","Neonate's cot",13
"89",89,89,"42756_3#54","CIV10NE6","2019-09-22","ST3132","Ward surfaces",13
"90",90,90,"43416_2#10","CIV10ME9","2019-09-22","ST3132","Ward surfaces",13
"91",91,91,"43416_2#61","CIV10MU1","2019-09-22","ST3132","Ward surfaces",13
"92",92,92,"42139_1#116","CIU13XB1","2020-02-23","ST391","Neonate's cot",126
"93",93,93,"42139_1#118","CIU13XS1","2020-02-23","ST391","Neonate's stool",126
"94",94,94,"42601_1#32","CIU13XH1","2020-02-23","ST391","Mother's hands",126
"95",95,95,"42756_2#121","CIV13QE6","2020-02-23","ST391","Ward surfaces",126
"96",96,96,"42139_1#148","CIS158C1","2020-02-24","ST391","Swaddling cloth",126
"97",97,97,"43416_2#40","CIS142C1","2019-11-10","ST54","Swaddling cloth",26
"98",98,98,"42756_2#190","CIT13LH1","2019-11-14","ST54","Mother's hands",26
"99",99,99,"42756_2#194","CIU10KH1","2019-11-17","ST54","Mother's hands",26
"100",100,100,"43416_2#165","CIV113E9","2019-11-24","ST54","Ward surfaces",26
"101",101,101,"42139_1#191","CIS16LB1","2020-03-26","ST584","Neonate's cot",179
"102",102,102,"42139_1#249","CIS16LS2","2020-03-26","ST584","Mother's stool",179
"103",103,103,"42139_1#355","CIS16LC1","2020-03-26","ST584","Swaddling cloth",179
"104",104,104,"42139_1#87","CIS16LS1","2020-03-26","ST584","Neonate's stool",179
"105",105,105,"42601_1#111","CIS16LH1","2020-03-26","ST584","Mother's hands",179
"106",106,106,"42139_1#88","CIU13VS2","2020-02-10","ST607","Mother's stool",119
"107",107,107,"42139_1#222","CIS16NH1","2020-03-30","ST607","Mother's hands",119
"108",108,108,"43416_2#253","CIV13NE3","2020-02-16","ST607","Ward surfaces",119
"109",109,109,"42092_1#126","BKRNV7","2020-02-02","ST15","Invasive",29
"110",110,110,"42092_1#146","CAAXLQ","2020-02-04","ST15","Invasive",29
"111",111,111,"42092_1#28","CAAWSV","2019-12-15","ST15","Invasive",29
"112",112,112,"42139_1#2","CAASX8","2019-09-02","ST17","Invasive",20
"113",113,113,"42139_1#328","CAAT57","2019-08-20","ST17","Invasive",20
"114",114,114,"42139_1#8","CAATK9","2019-09-06","ST1799","Invasive",16
"115",115,115,"42092_1#88","CAAWXQ","2020-01-18","ST307","Invasive",43
"116",116,116,"42092_1#220","CAAYA3","2020-03-10","ST3132","Invasive",13
"117",117,117,"42139_1#170","CAAVXU","2019-11-23","ST3132","Invasive",13
"118",118,118,"42092_1#186","CAAYMZ","2020-02-20","ST391","Invasive",126
"119",119,119,"42139_1#352","CAASUI","2019-08-30","ST54","Invasive",26
"120",120,120,"42092_1#274","CAAYEV","2020-03-25","ST584","Invasive",179
"121",121,121,"42092_1#148","BKRNHC","2020-02-06","ST607","Invasive",119
"122",122,122,"42092_1#94","BKRMW0","2020-01-28","ST391","Invasive",111
"123",123,123,"42070_2#3","CAAYEH","2020-03-23","ST2632","Invasive",178
"124",124,124,"42139_1#38","CAATHE","2019-09-23","ST39","Invasive",37
"125",125,125,"42092_2#9","CNS1LG","2020-04-18","ST39","Invasive",186
