"","X","cluster.x","n","sum","prop","arm","median","mean","type"
"1",1,17,0,72,0,"test",0.01,0.0332692307692308,"Stool colonisation"
"2",2,28,0,72,0,"test",0.01,0.0332692307692308,"Stool colonisation"
"3",3,97,0,177,0,"test",0.01,0.0332692307692308,"Stool colonisation"
"4",4,97,0,177,0,"test",0.01,0.0332692307692308,"Stool colonisation"
"5",5,33,3,178,0.02,"test",0.01,0.0332692307692308,"Stool colonisation"
"6",6,7,13,102,0.13,"test",0.01,0.0332692307692308,"Stool colonisation"
"7",7,28,0,99,0,"test",0.01,0.0332692307692308,"Stool colonisation"
"8",8,17,1,99,0.01,"test",0.01,0.0332692307692308,"Stool colonisation"
"9",9,7,10,76,0.13,"test",0.01,0.0332692307692308,"Stool colonisation"
"10",10,4,1,109,0.01,"test",0.01,0.0332692307692308,"Stool colonisation"
"11",11,2,4,118,0.03,"test",0.01,0.0332692307692308,"Stool colonisation"
"12",12,4,1,118,0.01,"test",0.01,0.0332692307692308,"Stool colonisation"
"13",13,2,6,124,0.05,"test",0.01,0.0332692307692308,"Stool colonisation"
"14",14,4,1,124,0.01,"test",0.01,0.0332692307692308,"Stool colonisation"
"15",15,149,1,132,0.01,"test",0.01,0.0332692307692308,"Stool colonisation"
"16",16,9,4,162,0.02,"test",0.01,0.0332692307692308,"Stool colonisation"
"17",17,10,6,162,0.04,"test",0.01,0.0332692307692308,"Stool colonisation"
"18",18,8,1,162,0.01,"test",0.01,0.0332692307692308,"Stool colonisation"
"19",19,9,4,138,0.03,"test",0.01,0.0332692307692308,"Stool colonisation"
"20",20,14,2,138,0.01,"test",0.01,0.0332692307692308,"Stool colonisation"
"21",21,15,0,155,0,"test",0.01,0.0332692307692308,"Stool colonisation"
"22",22,14,3,155,0.02,"test",0.01,0.0332692307692308,"Stool colonisation"
"23",23,52,0,184,0,"test",0.01,0.0332692307692308,"Stool colonisation"
"24",24,13,9,195,0.05,"test",0.01,0.0332692307692308,"Stool colonisation"
"25",25,13,9,195,0.05,"test",0.01,0.0332692307692308,"Stool colonisation"
"26",26,48,0,195,0,"test",0.01,0.0332692307692308,"Stool colonisation"
"27",27,37,0,195,0,"test",0.01,0.0332692307692308,"Stool colonisation"
"28",28,13,9,195,0.05,"test",0.01,0.0332692307692308,"Stool colonisation"
"29",29,37,0,200,0,"test",0.01,0.0332692307692308,"Stool colonisation"
"30",30,118,1,38,0.03,"test",0.01,0.0332692307692308,"Stool colonisation"
"31",31,119,0,38,0,"test",0.01,0.0332692307692308,"Stool colonisation"
"32",32,180,0,66,0,"test",0.01,0.0332692307692308,"Stool colonisation"
"33",33,181,0,66,0,"test",0.01,0.0332692307692308,"Stool colonisation"
"34",34,184,0,97,0,"test",0.01,0.0332692307692308,"Stool colonisation"
"35",35,37,3,155,0.02,"test",0.01,0.0332692307692308,"Stool colonisation"
"36",36,37,4,168,0.02,"test",0.01,0.0332692307692308,"Stool colonisation"
"37",37,37,21,170,0.12,"test",0.01,0.0332692307692308,"Stool colonisation"
"38",38,37,22,182,0.12,"test",0.01,0.0332692307692308,"Stool colonisation"
"39",39,70,1,210,0,"test",0.01,0.0332692307692308,"Stool colonisation"
"40",40,37,30,187,0.16,"test",0.01,0.0332692307692308,"Stool colonisation"
"41",41,74,0,188,0,"test",0.01,0.0332692307692308,"Stool colonisation"
"42",42,73,2,188,0.01,"test",0.01,0.0332692307692308,"Stool colonisation"
"43",43,37,37,218,0.17,"test",0.01,0.0332692307692308,"Stool colonisation"
"44",44,157,1,198,0.01,"test",0.01,0.0332692307692308,"Stool colonisation"
"45",45,37,37,205,0.18,"test",0.01,0.0332692307692308,"Stool colonisation"
"46",46,37,40,215,0.19,"test",0.01,0.0332692307692308,"Stool colonisation"
"47",47,104,0,215,0,"test",0.01,0.0332692307692308,"Stool colonisation"
"48",48,33,1,244,0,"test",0.01,0.0332692307692308,"Stool colonisation"
"49",49,104,0,244,0,"test",0.01,0.0332692307692308,"Stool colonisation"
"50",50,155,1,244,0,"test",0.01,0.0332692307692308,"Stool colonisation"
"51",51,33,3,225,0.01,"test",0.01,0.0332692307692308,"Stool colonisation"
"52",52,34,0,195,0,"test",0.01,0.0332692307692308,"Stool colonisation"
"53",53,181,0,166,0,"null",0,0.0175,"Stool colonisation"
"54",54,52,0,109,0,"null",0,0.0175,"Stool colonisation"
"55",55,14,0,190,0,"null",0,0.0175,"Stool colonisation"
"56",56,28,0,171,0,"null",0,0.0175,"Stool colonisation"
"57",57,37,4,171,0.02,"null",0,0.0175,"Stool colonisation"
"58",58,37,7,134,0.05,"null",0,0.0175,"Stool colonisation"
"59",59,13,1,151,0.01,"null",0,0.0175,"Stool colonisation"
"60",60,4,0,182,0,"null",0,0.0175,"Stool colonisation"
"61",61,104,0,166,0,"null",0,0.0175,"Stool colonisation"
"62",62,34,0,198,0,"null",0,0.0175,"Stool colonisation"
"63",63,37,1,106,0.01,"null",0,0.0175,"Stool colonisation"
"64",64,104,0,155,0,"null",0,0.0175,"Stool colonisation"
"65",65,14,4,147,0.03,"null",0,0.0175,"Stool colonisation"
"66",66,37,16,198,0.08,"null",0,0.0175,"Stool colonisation"
"67",67,74,0,210,0,"null",0,0.0175,"Stool colonisation"
"68",68,37,40,215,0.19,"null",0,0.0175,"Stool colonisation"
"69",69,7,11,76,0.14,"null",0,0.0175,"Stool colonisation"
"70",70,119,0,178,0,"null",0,0.0175,"Stool colonisation"
"71",71,37,0,70,0,"null",0,0.0175,"Stool colonisation"
"72",72,157,0,177,0,"null",0,0.0175,"Stool colonisation"
"73",73,73,0,34,0,"null",0,0.0175,"Stool colonisation"
"74",74,2,0,70,0,"null",0,0.0175,"Stool colonisation"
"75",75,97,0,76,0,"null",0,0.0175,"Stool colonisation"
"76",76,37,18,199,0.09,"null",0,0.0175,"Stool colonisation"
"77",77,37,0,175,0,"null",0,0.0175,"Stool colonisation"
"78",78,17,5,166,0.03,"null",0,0.0175,"Stool colonisation"
"79",79,37,0,32,0,"null",0,0.0175,"Stool colonisation"
"80",80,97,0,215,0,"null",0,0.0175,"Stool colonisation"
"81",81,118,0,140,0,"null",0,0.0175,"Stool colonisation"
"82",82,15,0,199,0,"null",0,0.0175,"Stool colonisation"
"83",83,37,7,67,0.1,"null",0,0.0175,"Stool colonisation"
"84",84,17,0,171,0,"null",0,0.0175,"Stool colonisation"
"85",85,13,9,193,0.05,"null",0,0.0175,"Stool colonisation"
"86",86,149,4,184,0.02,"null",0,0.0175,"Stool colonisation"
"87",87,70,0,34,0,"null",0,0.0175,"Stool colonisation"
"88",88,33,5,166,0.03,"null",0,0.0175,"Stool colonisation"
"89",89,7,0,143,0,"null",0,0.0175,"Stool colonisation"
"90",90,180,0,175,0,"null",0,0.0175,"Stool colonisation"
"91",91,4,0,131,0,"null",0,0.0175,"Stool colonisation"
"92",92,13,0,215,0,"null",0,0.0175,"Stool colonisation"
"93",93,2,0,171,0,"null",0,0.0175,"Stool colonisation"
"94",94,33,0,162,0,"null",0,0.0175,"Stool colonisation"
"95",95,184,0,178,0,"null",0,0.0175,"Stool colonisation"
"96",96,10,1,218,0,"null",0,0.0175,"Stool colonisation"
"97",97,48,0,185,0,"null",0,0.0175,"Stool colonisation"
"98",98,9,1,166,0.01,"null",0,0.0175,"Stool colonisation"
"99",99,8,0,190,0,"null",0,0.0175,"Stool colonisation"
"100",100,33,1,197,0.01,"null",0,0.0175,"Stool colonisation"
"101",101,4,1,118,0.01,"null",0,0.0175,"Stool colonisation"
"102",102,155,0,197,0,"null",0,0.0175,"Stool colonisation"
"103",103,28,0,37,0,"null",0,0.0175,"Stool colonisation"
"104",104,9,1,37,0.03,"null",0,0.0175,"Stool colonisation"
"105",105,17,4,178,0.02,"after",0.01,0.0319230769230769,"Stool colonisation"
"106",106,28,2,178,0.01,"after",0.01,0.0319230769230769,"Stool colonisation"
"107",107,97,0,106,0,"after",0.01,0.0319230769230769,"Stool colonisation"
"108",108,97,0,106,0,"after",0.01,0.0319230769230769,"Stool colonisation"
"109",109,33,2,78,0.03,"after",0.01,0.0319230769230769,"Stool colonisation"
"110",110,7,14,162,0.09,"after",0.01,0.0319230769230769,"Stool colonisation"
"111",111,28,3,155,0.02,"after",0.01,0.0319230769230769,"Stool colonisation"
"112",112,17,2,155,0.01,"after",0.01,0.0319230769230769,"Stool colonisation"
"113",113,7,7,140,0.05,"after",0.01,0.0319230769230769,"Stool colonisation"
"114",114,4,1,147,0.01,"after",0.01,0.0319230769230769,"Stool colonisation"
"115",115,2,3,150,0.02,"after",0.01,0.0319230769230769,"Stool colonisation"
"116",116,4,0,150,0,"after",0.01,0.0319230769230769,"Stool colonisation"
"117",117,2,2,195,0.01,"after",0.01,0.0319230769230769,"Stool colonisation"
"118",118,4,0,195,0,"after",0.01,0.0319230769230769,"Stool colonisation"
"119",119,149,4,200,0.02,"after",0.01,0.0319230769230769,"Stool colonisation"
"120",120,9,11,215,0.05,"after",0.01,0.0319230769230769,"Stool colonisation"
"121",121,10,24,215,0.11,"after",0.01,0.0319230769230769,"Stool colonisation"
"122",122,8,1,215,0,"after",0.01,0.0319230769230769,"Stool colonisation"
"123",123,9,8,190,0.04,"after",0.01,0.0319230769230769,"Stool colonisation"
"124",124,14,5,190,0.03,"after",0.01,0.0319230769230769,"Stool colonisation"
"125",125,15,0,205,0,"after",0.01,0.0319230769230769,"Stool colonisation"
"126",126,14,3,205,0.01,"after",0.01,0.0319230769230769,"Stool colonisation"
"127",127,52,0,131,0,"after",0.01,0.0319230769230769,"Stool colonisation"
"128",128,13,0,94,0,"after",0.01,0.0319230769230769,"Stool colonisation"
"129",129,13,0,80,0,"after",0.01,0.0319230769230769,"Stool colonisation"
"130",130,48,0,80,0,"after",0.01,0.0319230769230769,"Stool colonisation"
"131",131,37,7,80,0.09,"after",0.01,0.0319230769230769,"Stool colonisation"
"132",132,13,0,80,0,"after",0.01,0.0319230769230769,"Stool colonisation"
"133",133,37,7,72,0.1,"after",0.01,0.0319230769230769,"Stool colonisation"
"134",134,118,2,170,0.01,"after",0.01,0.0319230769230769,"Stool colonisation"
"135",135,119,0,170,0,"after",0.01,0.0319230769230769,"Stool colonisation"
"136",136,180,2,170,0.01,"after",0.01,0.0319230769230769,"Stool colonisation"
"137",137,181,0,170,0,"after",0.01,0.0319230769230769,"Stool colonisation"
"138",138,184,0,210,0,"after",0.01,0.0319230769230769,"Stool colonisation"
"139",139,37,33,197,0.17,"after",0.01,0.0319230769230769,"Stool colonisation"
"140",140,37,33,189,0.17,"after",0.01,0.0319230769230769,"Stool colonisation"
"141",141,37,30,219,0.14,"after",0.01,0.0319230769230769,"Stool colonisation"
"142",142,37,29,225,0.13,"after",0.01,0.0319230769230769,"Stool colonisation"
"143",143,70,1,234,0,"after",0.01,0.0319230769230769,"Stool colonisation"
"144",144,37,18,203,0.09,"after",0.01,0.0319230769230769,"Stool colonisation"
"145",145,74,0,199,0,"after",0.01,0.0319230769230769,"Stool colonisation"
"146",146,73,2,199,0.01,"after",0.01,0.0319230769230769,"Stool colonisation"
"147",147,37,13,189,0.07,"after",0.01,0.0319230769230769,"Stool colonisation"
"148",148,157,1,183,0.01,"after",0.01,0.0319230769230769,"Stool colonisation"
"149",149,37,9,176,0.05,"after",0.01,0.0319230769230769,"Stool colonisation"
"150",150,37,6,169,0.04,"after",0.01,0.0319230769230769,"Stool colonisation"
"151",151,104,0,169,0,"after",0.01,0.0319230769230769,"Stool colonisation"
"152",152,33,4,180,0.02,"after",0.01,0.0319230769230769,"Stool colonisation"
"153",153,104,0,180,0,"after",0.01,0.0319230769230769,"Stool colonisation"
"154",154,155,0,180,0,"after",0.01,0.0319230769230769,"Stool colonisation"
"155",155,33,3,144,0.02,"after",0.01,0.0319230769230769,"Stool colonisation"
"156",156,34,0,110,0,"after",0.01,0.0319230769230769,"Stool colonisation"
