"","cluster.x","n","sum","prop","arm","median","mean","type"
"1",20,0,134,0,"test",0,0.0117647058823529,"Invasive infection"
"2",26,0,190,0,"test",0,0.0117647058823529,"Invasive infection"
"3",20,1,208,0,"test",0,0.0117647058823529,"Invasive infection"
"4",16,2,203,0.01,"test",0,0.0117647058823529,"Invasive infection"
"5",37,0,194,0,"test",0,0.0117647058823529,"Invasive infection"
"6",13,0,170,0,"test",0,0.0117647058823529,"Invasive infection"
"7",29,28,238,0.12,"test",0,0.0117647058823529,"Invasive infection"
"8",43,1,35,0.03,"test",0,0.0117647058823529,"Invasive infection"
"9",111,0,120,0,"test",0,0.0117647058823529,"Invasive infection"
"10",29,3,173,0.02,"test",0,0.0117647058823529,"Invasive infection"
"11",29,3,184,0.02,"test",0,0.0117647058823529,"Invasive infection"
"12",119,0,197,0,"test",0,0.0117647058823529,"Invasive infection"
"13",126,0,211,0,"test",0,0.0117647058823529,"Invasive infection"
"14",13,0,229,0,"test",0,0.0117647058823529,"Invasive infection"
"15",178,0,237,0,"test",0,0.0117647058823529,"Invasive infection"
"16",179,0,226,0,"test",0,0.0117647058823529,"Invasive infection"
"17",186,0,142,0,"test",0,0.0117647058823529,"Invasive infection"
"18",20,0,114,0,"null",0,0.0195882352941176,"Invasive infection"
"19",13,0,200,0,"null",0,0.0195882352941176,"Invasive infection"
"20",29,16,217,0.074,"null",0,0.0195882352941176,"Invasive infection"
"21",178,0,93,0,"null",0,0.0195882352941176,"Invasive infection"
"22",13,0,148,0,"null",0,0.0195882352941176,"Invasive infection"
"23",26,0,85,0,"null",0,0.0195882352941176,"Invasive infection"
"24",43,0,84,0,"null",0,0.0195882352941176,"Invasive infection"
"25",179,0,202,0,"null",0,0.0195882352941176,"Invasive infection"
"26",126,0,85,0,"null",0,0.0195882352941176,"Invasive infection"
"27",20,4,111,0.036,"null",0,0.0195882352941176,"Invasive infection"
"28",16,0,203,0,"null",0,0.0195882352941176,"Invasive infection"
"29",111,0,239,0,"null",0,0.0195882352941176,"Invasive infection"
"30",29,22,252,0.087,"null",0,0.0195882352941176,"Invasive infection"
"31",186,0,147,0,"null",0,0.0195882352941176,"Invasive infection"
"32",119,0,38,0,"null",0,0.0195882352941176,"Invasive infection"
"33",37,0,250,0,"null",0,0.0195882352941176,"Invasive infection"
"34",29,11,81,0.136,"null",0,0.0195882352941176,"Invasive infection"
"35",20,7,193,0.04,"after",0.01,0.0241176470588235,"Invasive infection"
"36",26,0,159,0,"after",0.01,0.0241176470588235,"Invasive infection"
"37",20,6,138,0.04,"after",0.01,0.0241176470588235,"Invasive infection"
"38",16,1,111,0.01,"after",0.01,0.0241176470588235,"Invasive infection"
"39",37,0,85,0,"after",0.01,0.0241176470588235,"Invasive infection"
"40",13,2,204,0.01,"after",0.01,0.0241176470588235,"Invasive infection"
"41",29,5,59,0.08,"after",0.01,0.0241176470588235,"Invasive infection"
"42",43,1,191,0.01,"after",0.01,0.0241176470588235,"Invasive infection"
"43",111,0,219,0,"after",0.01,0.0241176470588235,"Invasive infection"
"44",29,19,226,0.08,"after",0.01,0.0241176470588235,"Invasive infection"
"45",29,18,218,0.08,"after",0.01,0.0241176470588235,"Invasive infection"
"46",119,1,221,0,"after",0.01,0.0241176470588235,"Invasive infection"
"47",126,5,266,0.02,"after",0.01,0.0241176470588235,"Invasive infection"
"48",13,1,205,0,"after",0.01,0.0241176470588235,"Invasive infection"
"49",178,0,118,0,"after",0.01,0.0241176470588235,"Invasive infection"
"50",179,5,117,0.04,"after",0.01,0.0241176470588235,"Invasive infection"
"51",186,0,0,0,"after",0.01,0.0241176470588235,"Invasive infection"
"52",12,2,72,0.03,"test",0.03,0.0370769230769231,"Stool colonisation"
"53",13,1,72,0.01,"test",0.03,0.0370769230769231,"Stool colonisation"
"54",2,2,81,0.02,"test",0.03,0.0370769230769231,"Stool colonisation"
"55",12,4,81,0.05,"test",0.03,0.0370769230769231,"Stool colonisation"
"56",13,3,81,0.04,"test",0.03,0.0370769230769231,"Stool colonisation"
"57",13,4,109,0.04,"test",0.03,0.0370769230769231,"Stool colonisation"
"58",12,5,109,0.05,"test",0.03,0.0370769230769231,"Stool colonisation"
"59",21,1,123,0.01,"test",0.03,0.0370769230769231,"Stool colonisation"
"60",24,1,151,0.01,"test",0.03,0.0370769230769231,"Stool colonisation"
"61",16,2,165,0.01,"test",0.03,0.0370769230769231,"Stool colonisation"
"62",30,1,177,0.01,"test",0.03,0.0370769230769231,"Stool colonisation"
"63",20,5,178,0.03,"test",0.03,0.0370769230769231,"Stool colonisation"
"64",12,7,167,0.04,"test",0.03,0.0370769230769231,"Stool colonisation"
"65",12,8,169,0.05,"test",0.03,0.0370769230769231,"Stool colonisation"
"66",33,8,102,0.08,"test",0.03,0.0370769230769231,"Stool colonisation"
"67",29,3,79,0.04,"test",0.03,0.0370769230769231,"Stool colonisation"
"68",43,1,79,0.01,"test",0.03,0.0370769230769231,"Stool colonisation"
"69",33,10,99,0.1,"test",0.03,0.0370769230769231,"Stool colonisation"
"70",47,1,76,0.01,"test",0.03,0.0370769230769231,"Stool colonisation"
"71",51,2,109,0.02,"test",0.03,0.0370769230769231,"Stool colonisation"
"72",52,5,118,0.04,"test",0.03,0.0370769230769231,"Stool colonisation"
"73",51,3,118,0.03,"test",0.03,0.0370769230769231,"Stool colonisation"
"74",52,7,124,0.06,"test",0.03,0.0370769230769231,"Stool colonisation"
"75",56,2,132,0.02,"test",0.03,0.0370769230769231,"Stool colonisation"
"76",60,2,162,0.01,"test",0.03,0.0370769230769231,"Stool colonisation"
"77",56,6,132,0.05,"test",0.03,0.0370769230769231,"Stool colonisation"
"78",45,5,138,0.04,"test",0.03,0.0370769230769231,"Stool colonisation"
"79",43,6,155,0.04,"test",0.03,0.0370769230769231,"Stool colonisation"
"80",69,1,145,0.01,"test",0.03,0.0370769230769231,"Stool colonisation"
"81",72,1,147,0.01,"test",0.03,0.0370769230769231,"Stool colonisation"
"82",11,2,184,0.01,"test",0.03,0.0370769230769231,"Stool colonisation"
"83",64,10,195,0.05,"test",0.03,0.0370769230769231,"Stool colonisation"
"84",29,18,195,0.09,"test",0.03,0.0370769230769231,"Stool colonisation"
"85",64,11,195,0.06,"test",0.03,0.0370769230769231,"Stool colonisation"
"86",82,1,195,0.01,"test",0.03,0.0370769230769231,"Stool colonisation"
"87",29,22,200,0.11,"test",0.03,0.0370769230769231,"Stool colonisation"
"88",29,22,200,0.11,"test",0.03,0.0370769230769231,"Stool colonisation"
"89",95,1,38,0.03,"test",0.03,0.0370769230769231,"Stool colonisation"
"90",106,2,97,0.02,"test",0.03,0.0370769230769231,"Stool colonisation"
"91",100,4,97,0.04,"test",0.03,0.0370769230769231,"Stool colonisation"
"92",108,3,123,0.02,"test",0.03,0.0370769230769231,"Stool colonisation"
"93",29,3,155,0.02,"test",0.03,0.0370769230769231,"Stool colonisation"
"94",117,1,155,0.01,"test",0.03,0.0370769230769231,"Stool colonisation"
"95",29,4,168,0.02,"test",0.03,0.0370769230769231,"Stool colonisation"
"96",29,9,190,0.05,"test",0.03,0.0370769230769231,"Stool colonisation"
"97",29,13,170,0.08,"test",0.03,0.0370769230769231,"Stool colonisation"
"98",29,14,182,0.08,"test",0.03,0.0370769230769231,"Stool colonisation"
"99",126,4,210,0.02,"test",0.03,0.0370769230769231,"Stool colonisation"
"100",29,17,210,0.08,"test",0.03,0.0370769230769231,"Stool colonisation"
"101",29,19,187,0.1,"test",0.03,0.0370769230769231,"Stool colonisation"
"102",141,1,187,0.01,"test",0.03,0.0370769230769231,"Stool colonisation"
"103",142,3,188,0.02,"test",0.03,0.0370769230769231,"Stool colonisation"
"104",144,1,185,0.01,"test",0.03,0.0370769230769231,"Stool colonisation"
"105",141,3,185,0.02,"test",0.03,0.0370769230769231,"Stool colonisation"
"106",141,6,197,0.03,"test",0.03,0.0370769230769231,"Stool colonisation"
"107",29,17,218,0.08,"test",0.03,0.0370769230769231,"Stool colonisation"
"108",159,2,198,0.01,"test",0.03,0.0370769230769231,"Stool colonisation"
"109",29,19,205,0.09,"test",0.03,0.0370769230769231,"Stool colonisation"
"110",29,22,215,0.1,"test",0.03,0.0370769230769231,"Stool colonisation"
"111",163,1,215,0,"test",0.03,0.0370769230769231,"Stool colonisation"
"112",163,4,244,0.02,"test",0.03,0.0370769230769231,"Stool colonisation"
"113",176,2,225,0.01,"test",0.03,0.0370769230769231,"Stool colonisation"
"114",180,1,195,0.01,"test",0.03,0.0370769230769231,"Stool colonisation"
"115",179,5,203,0.02,"test",0.03,0.0370769230769231,"Stool colonisation"
"116",183,1,202,0,"test",0.03,0.0370769230769231,"Stool colonisation"
"117",141,0,147,0,"null",0,0.0203076923076923,"Stool colonisation"
"118",29,8,198,0.04,"null",0,0.0203076923076923,"Stool colonisation"
"119",176,2,210,0.01,"null",0,0.0203076923076923,"Stool colonisation"
"120",183,0,215,0,"null",0,0.0203076923076923,"Stool colonisation"
"121",52,0,76,0,"null",0,0.0203076923076923,"Stool colonisation"
"122",51,0,178,0,"null",0,0.0203076923076923,"Stool colonisation"
"123",13,0,70,0,"null",0,0.0203076923076923,"Stool colonisation"
"124",100,0,177,0,"null",0,0.0203076923076923,"Stool colonisation"
"125",180,0,34,0,"null",0,0.0203076923076923,"Stool colonisation"
"126",141,0,70,0,"null",0,0.0203076923076923,"Stool colonisation"
"127",82,0,76,0,"null",0,0.0203076923076923,"Stool colonisation"
"128",43,0,199,0,"null",0,0.0203076923076923,"Stool colonisation"
"129",12,10,175,0.06,"null",0,0.0203076923076923,"Stool colonisation"
"130",159,0,166,0,"null",0,0.0203076923076923,"Stool colonisation"
"131",179,0,32,0,"null",0,0.0203076923076923,"Stool colonisation"
"132",95,0,215,0,"null",0,0.0203076923076923,"Stool colonisation"
"133",29,2,140,0.01,"null",0,0.0203076923076923,"Stool colonisation"
"134",29,9,199,0.05,"null",0,0.0203076923076923,"Stool colonisation"
"135",51,0,67,0,"null",0,0.0203076923076923,"Stool colonisation"
"136",29,5,171,0.03,"null",0,0.0203076923076923,"Stool colonisation"
"137",106,0,193,0,"null",0,0.0203076923076923,"Stool colonisation"
"138",29,23,184,0.12,"null",0,0.0203076923076923,"Stool colonisation"
"139",29,0,34,0,"null",0,0.0203076923076923,"Stool colonisation"
"140",24,1,166,0.01,"null",0,0.0203076923076923,"Stool colonisation"
"141",11,3,143,0.02,"null",0,0.0203076923076923,"Stool colonisation"
"142",141,0,175,0,"null",0,0.0203076923076923,"Stool colonisation"
"143",108,0,131,0,"null",0,0.0203076923076923,"Stool colonisation"
"144",29,22,215,0.1,"null",0,0.0203076923076923,"Stool colonisation"
"145",30,0,171,0,"null",0,0.0203076923076923,"Stool colonisation"
"146",2,0,162,0,"null",0,0.0203076923076923,"Stool colonisation"
"147",144,0,178,0,"null",0,0.0203076923076923,"Stool colonisation"
"148",12,0,218,0,"null",0,0.0203076923076923,"Stool colonisation"
"149",52,1,185,0.01,"null",0,0.0203076923076923,"Stool colonisation"
"150",21,0,166,0,"null",0,0.0203076923076923,"Stool colonisation"
"151",72,0,190,0,"null",0,0.0203076923076923,"Stool colonisation"
"152",12,0,197,0,"null",0,0.0203076923076923,"Stool colonisation"
"153",64,0,118,0,"null",0,0.0203076923076923,"Stool colonisation"
"154",33,0,197,0,"null",0,0.0203076923076923,"Stool colonisation"
"155",163,0,37,0,"null",0,0.0203076923076923,"Stool colonisation"
"156",29,5,37,0.14,"null",0,0.0203076923076923,"Stool colonisation"
"157",126,5,189,0.03,"null",0,0.0203076923076923,"Stool colonisation"
"158",45,0,175,0,"null",0,0.0203076923076923,"Stool colonisation"
"159",33,5,167,0.03,"null",0,0.0203076923076923,"Stool colonisation"
"160",29,5,137,0.04,"null",0,0.0203076923076923,"Stool colonisation"
"161",47,0,145,0,"null",0,0.0203076923076923,"Stool colonisation"
"162",12,10,179,0.06,"null",0,0.0203076923076923,"Stool colonisation"
"163",43,1,79,0.01,"null",0,0.0203076923076923,"Stool colonisation"
"164",56,1,41,0.02,"null",0,0.0203076923076923,"Stool colonisation"
"165",13,0,105,0,"null",0,0.0203076923076923,"Stool colonisation"
"166",56,0,149,0,"null",0,0.0203076923076923,"Stool colonisation"
"167",69,0,166,0,"null",0,0.0203076923076923,"Stool colonisation"
"168",20,0,166,0,"null",0,0.0203076923076923,"Stool colonisation"
"169",12,7,140,0.05,"null",0,0.0203076923076923,"Stool colonisation"
"170",163,0,99,0,"null",0,0.0203076923076923,"Stool colonisation"
"171",29,5,34,0.15,"null",0,0.0203076923076923,"Stool colonisation"
"172",29,9,199,0.05,"null",0,0.0203076923076923,"Stool colonisation"
"173",64,7,169,0.04,"null",0,0.0203076923076923,"Stool colonisation"
"174",29,6,76,0.08,"null",0,0.0203076923076923,"Stool colonisation"
"175",117,0,128,0,"null",0,0.0203076923076923,"Stool colonisation"
"176",60,0,94,0,"null",0,0.0203076923076923,"Stool colonisation"
"177",16,0,131,0,"null",0,0.0203076923076923,"Stool colonisation"
"178",142,0,198,0,"null",0,0.0203076923076923,"Stool colonisation"
"179",13,5,174,0.03,"null",0,0.0203076923076923,"Stool colonisation"
"180",29,5,171,0.03,"null",0,0.0203076923076923,"Stool colonisation"
"181",29,18,173,0.1,"null",0,0.0203076923076923,"Stool colonisation"
"182",12,11,178,0.06,"after",0.03,0.0372307692307692,"Stool colonisation"
"183",13,5,178,0.03,"after",0.03,0.0372307692307692,"Stool colonisation"
"184",2,4,175,0.02,"after",0.03,0.0372307692307692,"Stool colonisation"
"185",12,9,175,0.05,"after",0.03,0.0372307692307692,"Stool colonisation"
"186",13,4,175,0.02,"after",0.03,0.0372307692307692,"Stool colonisation"
"187",13,5,192,0.03,"after",0.03,0.0372307692307692,"Stool colonisation"
"188",12,7,192,0.04,"after",0.03,0.0372307692307692,"Stool colonisation"
"189",21,1,172,0.01,"after",0.03,0.0372307692307692,"Stool colonisation"
"190",24,1,167,0.01,"after",0.03,0.0372307692307692,"Stool colonisation"
"191",16,2,149,0.01,"after",0.03,0.0372307692307692,"Stool colonisation"
"192",30,1,106,0.01,"after",0.03,0.0372307692307692,"Stool colonisation"
"193",20,3,78,0.04,"after",0.03,0.0372307692307692,"Stool colonisation"
"194",12,3,78,0.04,"after",0.03,0.0372307692307692,"Stool colonisation"
"195",12,2,75,0.03,"after",0.03,0.0372307692307692,"Stool colonisation"
"196",33,10,162,0.06,"after",0.03,0.0372307692307692,"Stool colonisation"
"197",29,5,138,0.04,"after",0.03,0.0372307692307692,"Stool colonisation"
"198",43,6,138,0.04,"after",0.03,0.0372307692307692,"Stool colonisation"
"199",33,7,155,0.05,"after",0.03,0.0372307692307692,"Stool colonisation"
"200",47,1,140,0.01,"after",0.03,0.0372307692307692,"Stool colonisation"
"201",51,4,147,0.03,"after",0.03,0.0372307692307692,"Stool colonisation"
"202",52,5,150,0.03,"after",0.03,0.0372307692307692,"Stool colonisation"
"203",51,2,150,0.01,"after",0.03,0.0372307692307692,"Stool colonisation"
"204",52,2,195,0.01,"after",0.03,0.0372307692307692,"Stool colonisation"
"205",56,6,200,0.03,"after",0.03,0.0372307692307692,"Stool colonisation"
"206",60,6,215,0.03,"after",0.03,0.0372307692307692,"Stool colonisation"
"207",56,4,187,0.02,"after",0.03,0.0372307692307692,"Stool colonisation"
"208",45,4,190,0.02,"after",0.03,0.0372307692307692,"Stool colonisation"
"209",43,12,205,0.06,"after",0.03,0.0372307692307692,"Stool colonisation"
"210",69,2,180,0.01,"after",0.03,0.0372307692307692,"Stool colonisation"
"211",72,4,151,0.03,"after",0.03,0.0372307692307692,"Stool colonisation"
"212",11,3,131,0.02,"after",0.03,0.0372307692307692,"Stool colonisation"
"213",64,3,94,0.03,"after",0.03,0.0372307692307692,"Stool colonisation"
"214",29,14,80,0.18,"after",0.03,0.0372307692307692,"Stool colonisation"
"215",64,1,80,0.01,"after",0.03,0.0372307692307692,"Stool colonisation"
"216",82,1,80,0.01,"after",0.03,0.0372307692307692,"Stool colonisation"
"217",29,11,72,0.15,"after",0.03,0.0372307692307692,"Stool colonisation"
"218",29,11,72,0.15,"after",0.03,0.0372307692307692,"Stool colonisation"
"219",95,1,170,0.01,"after",0.03,0.0372307692307692,"Stool colonisation"
"220",106,5,210,0.02,"after",0.03,0.0372307692307692,"Stool colonisation"
"221",100,3,210,0.01,"after",0.03,0.0372307692307692,"Stool colonisation"
"222",108,7,185,0.04,"after",0.03,0.0372307692307692,"Stool colonisation"
"223",29,19,197,0.1,"after",0.03,0.0372307692307692,"Stool colonisation"
"224",117,2,173,0.01,"after",0.03,0.0372307692307692,"Stool colonisation"
"225",29,18,189,0.1,"after",0.03,0.0372307692307692,"Stool colonisation"
"226",29,22,244,0.09,"after",0.03,0.0372307692307692,"Stool colonisation"
"227",29,17,219,0.08,"after",0.03,0.0372307692307692,"Stool colonisation"
"228",29,15,225,0.07,"after",0.03,0.0372307692307692,"Stool colonisation"
"229",126,5,234,0.02,"after",0.03,0.0372307692307692,"Stool colonisation"
"230",29,14,234,0.06,"after",0.03,0.0372307692307692,"Stool colonisation"
"231",29,11,203,0.05,"after",0.03,0.0372307692307692,"Stool colonisation"
"232",141,6,203,0.03,"after",0.03,0.0372307692307692,"Stool colonisation"
"233",142,3,199,0.02,"after",0.03,0.0372307692307692,"Stool colonisation"
"234",144,1,203,0,"after",0.03,0.0372307692307692,"Stool colonisation"
"235",141,5,203,0.02,"after",0.03,0.0372307692307692,"Stool colonisation"
"236",141,3,219,0.01,"after",0.03,0.0372307692307692,"Stool colonisation"
"237",29,7,189,0.04,"after",0.03,0.0372307692307692,"Stool colonisation"
"238",159,2,183,0.01,"after",0.03,0.0372307692307692,"Stool colonisation"
"239",29,6,176,0.03,"after",0.03,0.0372307692307692,"Stool colonisation"
"240",29,3,169,0.02,"after",0.03,0.0372307692307692,"Stool colonisation"
"241",163,6,169,0.04,"after",0.03,0.0372307692307692,"Stool colonisation"
"242",163,5,180,0.03,"after",0.03,0.0372307692307692,"Stool colonisation"
"243",176,2,144,0.01,"after",0.03,0.0372307692307692,"Stool colonisation"
"244",180,1,110,0.01,"after",0.03,0.0372307692307692,"Stool colonisation"
"245",179,5,108,0.05,"after",0.03,0.0372307692307692,"Stool colonisation"
"246",183,1,79,0.01,"after",0.03,0.0372307692307692,"Stool colonisation"
