"","X.1","X","strain","Lane","species","ST","cresid","source","dyad"
"1",1,1,"42139_1#332","42139_1#332","Klebsiella pneumoniae","ST3132","CIS13MB1","Neonate's cot","DSKZH"
"2",2,2,"42756_2#264","42756_2#264","Klebsiella pneumoniae","ST307","CIV13CE3","Ward surfaces",NA
"3",3,3,"42139_1#90","42139_1#90","Klebsiella pneumoniae","ST307","CIS158S1","Neonate's stool","NKRSD"
"4",4,4,"47963_2#73","47963_2#73","Klebsiella pneumoniae","ST101","CIV13DE3","Ward surfaces",NA
"5",5,5,"42139_1#64","42139_1#64","Klebsiella pneumoniae","ST86","CIT10KB1","Neonate's cot","ZNHVD"
"6",6,6,"43416_2#125","43416_2#125","Klebsiella pneumoniae","ST17","CIT108B1","Neonate's cot","BKCSV"
"7",7,7,"43416_2#262","43416_2#262","Klebsiella pneumoniae","ST628","CIV13SE7","Ward surfaces",NA
"8",8,8,"47963_2#190","47963_2#190","Klebsiella pneumoniae","ST393","CIV107E6","Ward surfaces",NA
"9",9,9,"42139_1#304","42139_1#304","Klebsiella pneumoniae","ST29","CIS13NS2","Mother's stool","58670"
"10",10,10,"43416_2#200","43416_2#200","Klebsiella pneumoniae","ST17","CIU109S1","Neonate's stool","BKCSV"
"11",11,11,"42601_1#83","42601_1#83","Klebsiella pneumoniae","ST2268","CIS15JH1","Mother's hands","43705"
"12",12,12,"42756_2#214","42756_2#214","Klebsiella pneumoniae","ST39","CIV13CE2","Ward surfaces",NA
"13",13,13,"47963_2#133","47963_2#133","Klebsiella pneumoniae","ST15","CIS149H1","Mother's hands","9138"
"14",14,14,"42139_1#55","42139_1#55","Klebsiella pneumoniae","ST3559","CIU145S2","Mother's stool","7841"
"15",15,15,"42070_1#56","42070_1#56","Klebsiella pneumoniae","ST15","CIT153H1","Mother's hands","72395"
"16",16,16,"42139_1#220","42139_1#220","Klebsiella pneumoniae","ST399","CIS149C1","Swaddling cloth","NCSRK"
"17",17,17,"42139_1#61","42139_1#61","Klebsiella pneumoniae","ST307","CIS15GB1","Neonate's cot","DZKSR"
"18",18,18,"42756_2#156","42756_2#156","Klebsiella pneumoniae","ST15","CIV130E3","Ward surfaces",NA
"19",19,19,"42139_1#182","42139_1#182","Klebsiella pneumoniae","ST1106","CIT101S1","Neonate's stool","NZKSH"
"20",20,20,"42139_1#88","42139_1#88","Klebsiella pneumoniae","ST607","CIU13VS2","Mother's stool","75826"
"21",21,21,"42139_1#117","42139_1#117","Klebsiella pneumoniae","ST17","CIT15DS1","Neonate's stool","HCSND"
"22",22,22,"42139_1#86","42139_1#86","Klebsiella pneumoniae","ST39","CIS14ZS1","Neonate's stool","KHSBN"
"23",23,23,"42139_1#159","42139_1#159","Klebsiella pneumoniae","ST340","CIU13KB1","Neonate's cot","VNKBR"
"24",24,24,"42139_1#262","42139_1#262","Klebsiella pneumoniae","ST15","CIS14DB1","Neonate's cot","ZVRKS"
"25",25,25,"47963_2#102","47963_2#102","Klebsiella pneumoniae","ST15","CIT13UB1","Neonate's cot","ZNBHC"
"26",26,26,"42139_1#360","42139_1#360","Klebsiella pneumoniae","ST1661","CIS141B1","Neonate's cot","DHCKN"
"27",27,27,"42070_1#190","42070_1#190","Klebsiella pneumoniae","ST35","CIT10DH1","Mother's hands","58670"
"28",28,28,"47963_2#210","47963_2#210","Klebsiella pneumoniae","ST15","CIT13RH1","Mother's hands","23145"
"29",29,29,"42139_1#349","42139_1#349","Klebsiella pneumoniae","ST86","CIT10KS2","Mother's stool","43012"
"30",30,30,"42139_1#329","42139_1#329","Klebsiella pneumoniae","ST29","CIT13WS2","Mother's stool","40592"
"31",31,31,"47963_2#130","47963_2#130","Klebsiella pneumoniae","ST15","CIV13EE4","Ward surfaces",NA
"32",32,32,"42139_1#211","42139_1#211","Klebsiella pneumoniae","ST101","CIS16NS1","Neonate's stool","RNSKD"
"33",33,33,"42139_1#116","42139_1#116","Klebsiella pneumoniae","ST391","CIU13XB1","Neonate's cot","BDCKR"
"34",34,34,"42756_2#299","42756_2#299","Klebsiella pneumoniae","ST15","CIV135E1","Ward surfaces",NA
"35",35,35,"42756_2#10","42756_2#10","Klebsiella pneumoniae","ST4083","CIV111E7","Ward surfaces",NA
"36",36,36,"42756_2#25","42756_2#25","Klebsiella pneumoniae","ST3113","CIS15GS2","Mother's stool","59380"
"37",37,37,"47963_2#76","47963_2#76","Klebsiella pneumoniae","ST2136","CIV13CE8","Ward surfaces",NA
"38",38,38,"42756_2#13","42756_2#13","Klebsiella pneumoniae","ST340","CIV111E9","Ward surfaces",NA
"39",39,39,"43416_2#49","43416_2#49","Klebsiella pneumoniae","ST20","CIV10YU1","Ward surfaces",NA
"40",40,40,"47963_2#289","47963_2#289","Klebsiella pneumoniae","ST15","CIV116E6","Ward surfaces",NA
"41",41,41,"42139_1#23","42139_1#23","Klebsiella pneumoniae","ST17","CIT15CS2","Mother's stool","97402"
"42",42,42,"42139_1#213","42139_1#213","Klebsiella pneumoniae","ST17","CIT15DB1","Neonate's cot","HCSND"
"43",43,43,"42139_1#179","42139_1#179","Klebsiella pneumoniae","ST2793","CIS14EB1","Neonate's cot","HRSNZ"
"44",44,44,"42139_1#341","42139_1#341","Klebsiella pneumoniae","ST29","CIS14DS2","Mother's stool","32465"
"45",45,45,"42139_1#315","42139_1#315","Klebsiella pneumoniae","ST39","CIS13LB1","Neonate's cot","RCNVH"
"46",46,46,"43416_2#138","43416_2#138","Klebsiella pneumoniae","ST37","CIU13QS2","Mother's stool","76021"
"47",47,47,"43416_2#109","43416_2#109","Klebsiella pneumoniae","ST307","CIV138E3","Ward surfaces",NA
"48",48,48,"42139_1#125","42139_1#125","Klebsiella pneumoniae","ST15","CIU146B1","Neonate's cot","DZKSR"
"49",49,49,"42756_2#95","42756_2#95","Klebsiella pneumoniae","ST307","CIV13HE2","Ward surfaces",NA
"50",50,50,"42139_1#153","42139_1#153","Klebsiella pneumoniae","ST15","CIT13RB1","Neonate's cot","ZRKND"
"51",51,51,"42756_2#212","42756_2#212","Klebsiella pneumoniae","ST1552","CIV13BE8","Ward surfaces",NA
"52",52,52,"47963_2#329","47963_2#329","Klebsiella pneumoniae","ST2793","CIT101H1","Mother's hands","29476"
"53",53,53,"42139_1#221","42139_1#221","Klebsiella pneumoniae","ST17","CIU148B1","Neonate's cot","HCSND"
"54",54,54,"42070_1#184","42070_1#184","Klebsiella pneumoniae","ST35","CIT10DS1","Neonate's stool","VHSCZ"
"55",55,55,"42139_1#222","42139_1#222","Klebsiella pneumoniae","ST607","CIS16NH1","Mother's hands","92871"
"56",56,56,"47963_2#365","47963_2#365","Klebsiella pneumoniae","ST39","CIU101H1","Mother's hands","51837"
"57",57,57,"42756_2#48","42756_2#48","Klebsiella pneumoniae","ST45","CIV13VE5","Ward surfaces",NA
"58",58,58,"47963_2#15","47963_2#15","Klebsiella pneumoniae","ST1106","CIT107B1","Neonate's cot","NVRSB"
"59",59,59,"42139_1#260","42139_1#260","Klebsiella pneumoniae","ST4083","CIS14AB1","Neonate's cot","VNKBR"
"60",60,60,"47963_2#333","47963_2#333","Klebsiella pneumoniae","ST39","CIU102H1","Mother's hands","12845"
"61",61,61,"42139_1#362","42139_1#362","Klebsiella pneumoniae","ST29","CIT13LS1","Neonate's stool","DHCKN"
"62",62,62,"42756_3#161","42756_3#161","Klebsiella pneumoniae","ST17","CIV114E6","Ward surfaces",NA
"63",63,63,"42070_2#147","42070_2#147","Klebsiella pneumoniae","ST35","CIU10HB1","Neonate's cot","BVZKS"
"64",64,64,"42756_2#145","42756_2#145","Klebsiella pneumoniae","ST15","CIV130E1","Ward surfaces",NA
"65",65,65,"43416_2#175","43416_2#175","Klebsiella pneumoniae","ST39","CIV105E9","Ward surfaces",NA
"66",66,66,"47963_2#173","47963_2#173","Klebsiella pneumoniae","ST607","CIU10HS2","Mother's stool","83719"
"67",67,67,"47963_2#228","47963_2#228","Klebsiella pneumoniae","ST15","CIV13VE9","Ward surfaces",NA
"68",68,68,"42139_1#313","42139_1#313","Klebsiella pneumoniae","ST15","CIS14HB1","Neonate's cot","SDHZN"
"69",69,69,"42756_2#228","42756_2#228","Klebsiella pneumoniae","ST15","CIV116E8","Ward surfaces",NA
"70",70,70,"47963_2#327","47963_2#327","Klebsiella pneumoniae","ST35","CIV10LE9","Ward surfaces",NA
"71",71,71,"47963_2#194","47963_2#194","Klebsiella pneumoniae","ST15","CIV13XE2","Ward surfaces",NA
"72",72,72,"42139_1#83","42139_1#83","Klebsiella pneumoniae","ST307","CIS15HB1","Neonate's cot","ZRBDK"
"73",73,73,"42139_1#353","42139_1#353","Klebsiella pneumoniae","ST48","CIT10IS2","Mother's stool","83719"
"74",74,74,"42756_3#190","42756_3#190","Klebsiella pneumoniae","ST101","CIV13PE8","Ward surfaces",NA
"75",75,75,"42070_1#252","42070_1#252","Klebsiella pneumoniae","ST35","CIU10FH1","Mother's hands","86132"
"76",76,76,"43416_2#187","43416_2#187","Klebsiella pneumoniae","ST340","CIV13YE9","Ward surfaces",NA
"77",77,77,"42139_1#154","42139_1#154","Klebsiella pneumoniae","ST607","CIS103B1","Neonate's cot","CNVBK"
"78",78,78,"47963_2#353","47963_2#353","Klebsiella pneumoniae","ST39","CIV108E3","Ward surfaces",NA
"79",79,79,"47963_2#359","47963_2#359","Klebsiella pneumoniae","ST1106","CIV105E8","Ward surfaces",NA
"80",80,80,"42139_1#25","42139_1#25","Klebsiella pneumoniae","ST896","CIU148S2","Mother's stool","43705"
"81",81,81,"43416_2#168","43416_2#168","Klebsiella pneumoniae","ST39","CIU13HH1","Mother's hands","36209"
"82",82,82,"42139_1#118","42139_1#118","Klebsiella pneumoniae","ST391","CIU13XS1","Neonate's stool","BDCKR"
"83",83,83,"42756_3#116","42756_3#116","Klebsiella pneumoniae","ST39","CIV10LE6","Ward surfaces",NA
"84",84,84,"43416_2#28","43416_2#28","Klebsiella pneumoniae","ST567","CIV10XE8","Ward surfaces",NA
"85",85,85,"43416_2#159","43416_2#159","Klebsiella pneumoniae","ST29","CIS146B1","Neonate's cot","KBNZD"
"86",86,86,"42139_1#215","42139_1#215","Klebsiella pneumoniae","ST584","CIT15EB1","Neonate's cot","KCRDZ"
"87",87,87,"42139_1#30","42139_1#30","Klebsiella pneumoniae","ST15","CIS154B1","Neonate's cot","NKZCV"
"88",88,88,"42139_1#331","42139_1#331","Klebsiella pneumoniae","ST29","CIT10DS2","Mother's stool","58670"
"89",89,89,"42070_1#306","42070_1#306","Klebsiella pneumoniae","ST2074","CIS14IC1","Swaddling cloth","KCHRB"
"90",90,90,"42139_1#218","42139_1#218","Klebsiella pneumoniae","ST29","CIU149B1","Neonate's cot","RKSDC"
"91",91,91,"42756_2#121","42756_2#121","Klebsiella pneumoniae","ST391","CIV13QE6","Ward surfaces",NA
"92",92,92,"42139_1#281","42139_1#281","Klebsiella pneumoniae","ST2793","CIS106S1","Neonate's stool","NZKSH"
"93",93,93,"42601_1#205","42601_1#205","Klebsiella pneumoniae","ST3132","CIV143E3","Ward surfaces",NA
"94",94,94,"47963_2#42","47963_2#42","Klebsiella pneumoniae","ST15","CIV13NE4","Ward surfaces",NA
"95",95,95,"43416_2#211","43416_2#211","Klebsiella pneumoniae","ST2623","CIU143B1","Neonate's cot","HRKNC"
"96",96,96,"43416_2#90","43416_2#90","Klebsiella pneumoniae","ST1552","CIV10TE9","Ward surfaces",NA
"97",97,97,"42139_1#58","42139_1#58","Klebsiella pneumoniae","ST39","CIT10IB1","Neonate's cot","BVZKS"
"98",98,98,"47963_2#212","47963_2#212","Klebsiella pneumoniae","ST17","CIV10LE7","Ward surfaces",NA
"99",99,99,"42139_1#183","42139_1#183","Klebsiella pneumoniae","ST307","CIS14NB1","Neonate's cot","VBZKN"
"100",100,100,"42756_2#252","42756_2#252","Klebsiella pneumoniae","ST307","CIT142S2","Mother's stool","96452"
"101",101,101,"42070_2#310","42070_2#310","Klebsiella pneumoniae","ST607","CIS14JB1","Neonate's cot","NCRKV"
"102",102,102,"42601_1#211","42601_1#211","Klebsiella pneumoniae","ST37","CIV143E6","Ward surfaces",NA
"103",103,103,"43416_2#116","43416_2#116","Klebsiella pneumoniae","ST3559","CIV10JE9","Ward surfaces",NA
"104",104,104,"42139_1#292","42139_1#292","Klebsiella pneumoniae","ST25","CIU105S1","Neonate's stool","DCBKN"
"105",105,105,"42756_2#2","42756_2#2","Klebsiella pneumoniae","ST4083","CIV111E3","Ward surfaces",NA
"106",106,106,"42756_3#176","42756_3#176","Klebsiella pneumoniae","ST4083","CIV13IE6","Ward surfaces",NA
"107",107,107,"47963_2#242","47963_2#242","Klebsiella pneumoniae","ST626","CIV109E9","Ward surfaces",NA
"108",108,108,"42139_1#337","42139_1#337","Klebsiella pneumoniae","ST15","CIS14XB1","Neonate's cot","NZHVB"
"109",109,109,"43416_2#268","43416_2#268","Klebsiella pneumoniae","ST2623","CIV13LE8","Ward surfaces",NA
"110",110,110,"42756_2#351","42756_2#351","Klebsiella pneumoniae","ST340","CIV110E6","Ward surfaces",NA
"111",111,111,"42756_2#207","42756_2#207","Klebsiella pneumoniae","ST101","CIT13PH1","Mother's hands","9138"
"112",112,112,"47963_2#363","47963_2#363","Klebsiella pneumoniae","ST2793","CIV10IE4","Ward surfaces",NA
"113",113,113,"42139_1#20","42139_1#20","Klebsiella pneumoniae","ST307","CIS148B1","Neonate's cot","VCDKS"
"114",114,114,"47963_2#169","47963_2#169","Klebsiella pneumoniae","ST307","CIV10VE1","Ward surfaces",NA
"115",115,115,"42756_2#202","42756_2#202","Klebsiella pneumoniae","ST39","CIV110E3","Ward surfaces",NA
"116",116,116,"42139_1#49","42139_1#49","Klebsiella pneumoniae","ST15","CIS154C1","Swaddling cloth","NKZCV"
"117",117,117,"42139_1#114","42139_1#114","Klebsiella pneumoniae","ST15","CIU13WS1","Neonate's stool","NVSBH"
"118",118,118,"43416_2#118","43416_2#118","Klebsiella pneumoniae","ST491","CIV139U1","Ward surfaces",NA
"119",119,119,"47963_2#163","47963_2#163","Klebsiella pneumoniae","ST307","CIV10YE3","Ward surfaces",NA
"120",120,120,"43416_2#46","43416_2#46","Klebsiella pneumoniae","ST307","CIV114E7","Ward surfaces",NA
"121",121,121,"47963_2#14","47963_2#14","Klebsiella pneumoniae","ST15","CIV13NE7","Ward surfaces",NA
"122",122,122,"42139_1#273","42139_1#273","Klebsiella pneumoniae","ST15","CIU13NS1","Neonate's stool","SDHZN"
"123",123,123,"42756_2#98","42756_2#98","Klebsiella pneumoniae","ST129","CIV13HE5","Ward surfaces",NA
"124",124,124,"42756_3#79","42756_3#79","Klebsiella pneumoniae","ST48","CIV13IE6","Ward surfaces",NA
"125",125,125,"42139_1#187","42139_1#187","Klebsiella pneumoniae","ST26-1LV","CIS15KB1","Neonate's cot","ZHDCR"
"126",126,126,"42139_1#128","42139_1#128","Klebsiella pneumoniae","ST307","CIU141B1","Neonate's cot","NKRSD"
"127",127,127,"42756_2#186","42756_2#186","Klebsiella pneumoniae","ST307","CIV13HE5","Ward surfaces",NA
"128",128,128,"42756_3#37","42756_3#37","Klebsiella pneumoniae","ST15","CIV116E3","Ward surfaces",NA
"129",129,129,"43416_2#40","43416_2#40","Klebsiella pneumoniae","ST54","CIS142C1","Swaddling cloth","RCSZD"
"130",130,130,"47963_2#267","47963_2#267","Klebsiella pneumoniae","ST15","CIV10TE6","Ward surfaces",NA
"131",131,131,"47963_2#161","47963_2#161","Klebsiella pneumoniae","ST4083","CIV111E6","Ward surfaces",NA
"132",132,132,"42139_1#177","42139_1#177","Klebsiella pneumoniae","ST3132","CIS14BB1","Neonate's cot","ZSHVR"
"133",133,133,"42756_2#350","42756_2#350","Klebsiella pneumoniae","ST48","CIV13IE5","Ward surfaces",NA
"134",134,134,"42139_1#266","42139_1#266","Klebsiella pneumoniae","ST1106","CIS158B1","Neonate's cot","NKRSD"
"135",135,135,"47963_2#67","47963_2#67","Klebsiella pneumoniae","ST399","CIS14AB1","Neonate's cot","VNKBR"
"136",136,136,"42070_1#214","42070_1#214","Klebsiella pneumoniae","ST35","CIS13NB1","Neonate's cot","VHSCZ"
"137",137,137,"42139_1#307","42139_1#307","Klebsiella pneumoniae","ST101","CIT142B1","Neonate's cot","VZBKN"
"138",138,138,"42756_3#60","42756_3#60","Klebsiella pneumoniae","ST39","CIV108E6","Ward surfaces",NA
"139",139,139,"42756_2#243","42756_2#243","Klebsiella pneumoniae","ST2793","CIV103E7","Ward surfaces",NA
"140",140,140,"42756_3#157","42756_3#157","Klebsiella pneumoniae","ST340","CIV113E3","Ward surfaces",NA
"141",141,141,"42756_3#143","42756_3#143","Klebsiella pneumoniae","ST567","CIV10XE6","Ward surfaces",NA
"142",142,142,"42139_1#188","42139_1#188","Klebsiella pneumoniae","ST3132","CIT102S1","Neonate's stool","HZBCR"
"143",143,143,"47963_2#110","47963_2#110","Klebsiella pneumoniae","ST15","CIV135E3","Ward surfaces",NA
"144",144,144,"42756_2#144","42756_2#144","Klebsiella pneumoniae","ST39","CIV10FE1","Ward surfaces",NA
"145",145,145,"47963_2#111","47963_2#111","Klebsiella pneumoniae","ST2167","CIU13PB1","Neonate's cot","ZVDHR"
"146",146,146,"42756_2#30","42756_2#30","Klebsiella pneumoniae","ST307","CIV13VE7","Ward surfaces",NA
"147",147,147,"42139_1#121","42139_1#121","Klebsiella pneumoniae","ST45","CIU145B1","Neonate's cot","CDVKN"
"148",148,148,"42756_2#346","42756_2#346","Klebsiella pneumoniae","ST152","CIV13IE1","Ward surfaces",NA
"149",149,149,"42756_2#265","42756_2#265","Klebsiella pneumoniae","ST14","CIV10QE2","Ward surfaces",NA
"150",150,150,"42756_2#285","42756_2#285","Klebsiella pneumoniae","ST48","CIV13IE7","Ward surfaces",NA
"151",151,151,"42070_1#216","42070_1#216","Klebsiella pneumoniae","ST35","CIU10DB1","Neonate's cot","RCNVH"
"152",152,152,"42756_2#328","42756_2#328","Klebsiella pneumoniae","ST307","CIV13B_K","Ward surfaces",NA
"153",153,153,"42139_1#283","42139_1#283","Klebsiella pneumoniae","ST3132","CIS105S1","Neonate's stool","HZBCR"
"154",154,154,"42756_2#184","42756_2#184","Klebsiella pneumoniae","ST39","CIV10FE5","Ward surfaces",NA
"155",155,155,"47963_2#138","47963_2#138","Klebsiella pneumoniae","ST307","CIV139E9","Ward surfaces",NA
"156",156,156,"42139_1#212","42139_1#212","Klebsiella pneumoniae","ST1799","CIU107S1","Neonate's stool","BDHVR"
"157",157,157,"42601_1#183","42601_1#183","Klebsiella pneumoniae","ST307","CIV116E5","Ward surfaces",NA
"158",158,158,"42139_1#146","42139_1#146","Klebsiella pneumoniae","ST307","CIU141S1","Neonate's stool","NKRSD"
"159",159,159,"42139_1#85","42139_1#85","Klebsiella pneumoniae","ST17","CIS15JS1","Neonate's stool","HCSND"
"160",160,160,"42139_1#311","42139_1#311","Klebsiella pneumoniae","ST15","CIS14FB1","Neonate's cot","CNRVK"
"161",161,161,"42139_1#192","42139_1#192","Klebsiella pneumoniae","ST3132","CIU103S1","Neonate's stool","NZKSH"
"162",162,162,"42756_3#48","42756_3#48","Klebsiella pneumoniae","ST14","CIV10PE2","Ward surfaces",NA
"163",163,163,"43416_2#220","43416_2#220","Klebsiella pneumoniae","ST551","CIV10ME9","Ward surfaces",NA
"164",164,164,"42756_2#316","42756_2#316","Klebsiella pneumoniae","ST307","CIV13BE2","Ward surfaces",NA
"165",165,165,"42139_1#294","42139_1#294","Klebsiella pneumoniae","ST307","CIU10ES1","Neonate's stool","VHSCZ"
"166",166,166,"43416_2#237","43416_2#237","Klebsiella pneumoniae","ST129","CIT140S2","Mother's stool","98271"
"167",167,167,"42139_1#338","42139_1#338","Klebsiella pneumoniae","ST29","CIS14ZB1","Neonate's cot","KHSBN"
"168",168,168,"42756_2#190","42756_2#190","Klebsiella pneumoniae","ST54","CIT13LH1","Mother's hands","46279"
"169",169,169,"42139_1#361","42139_1#361","Klebsiella pneumoniae","ST567","CIS13YB1","Neonate's cot","BZCHV"
"170",170,170,"47963_2#171","47963_2#171","Klebsiella pneumoniae","ST29","CIV116E1","Ward surfaces",NA
"171",171,171,"42139_1#298","42139_1#298","Klebsiella pneumoniae","ST15","CIU13RB1","Neonate's cot","CRNDB"
"172",172,172,"42139_1#191","42139_1#191","Klebsiella pneumoniae","ST584","CIS16LB1","Neonate's cot","SRBDC"
"173",173,173,"42139_1#51","42139_1#51","Klebsiella pneumoniae","ST6","CIT153S2","Mother's stool","72395"
"174",174,174,"47963_2#109","47963_2#109","Klebsiella pneumoniae","ST2167","CIT140H1","Mother's hands","98271"
"175",175,175,"42139_1#277","42139_1#277","Klebsiella pneumoniae","ST35","CIT10FS1","Neonate's stool","BRSDC"
"176",176,176,"43416_2#142","43416_2#142","Klebsiella pneumoniae","ST8","CIT141H1","Mother's hands","76021"
"177",177,177,"42756_2#215","42756_2#215","Klebsiella pneumoniae","ST15","CIV111E2","Ward surfaces",NA
"178",178,178,"43416_2#186","43416_2#186","Klebsiella pneumoniae","ST307","CIV13YE3","Ward surfaces",NA
"179",179,179,"42756_2#268","42756_2#268","Klebsiella pneumoniae","ST39","CIV13CE7","Ward surfaces",NA
"180",180,180,"43416_2#100","43416_2#100","Klebsiella pneumoniae","ST307","CIV138E4","Ward surfaces",NA
"181",181,181,"43416_2#264","43416_2#264","Klebsiella pneumoniae","ST147","CIU13QH1","Mother's hands","76021"
"182",182,182,"42139_1#317","42139_1#317","Klebsiella pneumoniae","ST101","CIS149S1","Neonate's stool","NCSRK"
"183",183,183,"47963_2#176","47963_2#176","Klebsiella pneumoniae","ST15","CIV13YE6","Ward surfaces",NA
"184",184,184,"42139_1#249","42139_1#249","Klebsiella pneumoniae","ST584","CIS16LS2","Mother's stool","28630"
"185",185,185,"47963_2#229","47963_2#229","Klebsiella pneumoniae","ST2793","CIV114E2","Ward surfaces",NA
"186",186,186,"43416_2#226","43416_2#226","Klebsiella pneumoniae","ST966","CIV10DES","Ward surfaces",NA
"187",187,187,"47963_2#269","47963_2#269","Klebsiella pneumoniae","ST307","CIV10UE5","Ward surfaces",NA
"188",188,188,"47963_2#108","47963_2#108","Klebsiella pneumoniae","ST48","CIV13EE5","Ward surfaces",NA
"189",189,189,"42139_1#31","42139_1#31","Klebsiella pneumoniae","ST584","CIS16NC1","Swaddling cloth","RNSKD"
"190",190,190,"42601_1#169","42601_1#169","Klebsiella pneumoniae","ST101","CIV116E7","Ward surfaces",NA
"191",191,191,"47963_2#207","47963_2#207","Klebsiella pneumoniae","ST307","CIV130E4","Ward surfaces",NA
"192",192,192,"42139_1#214","42139_1#214","Klebsiella pneumoniae","ST15","CIU13WB1","Neonate's cot","NVSBH"
"193",193,193,"42756_2#110","42756_2#110","Klebsiella pneumoniae","ST307","CIV13VU1","Ward surfaces",NA
"194",194,194,"42756_2#177","42756_2#177","Klebsiella pneumoniae","ST17","CIV108U1","Ward surfaces",NA
"195",195,195,"42756_2#21","42756_2#21","Klebsiella pneumoniae","ST340","CIV115E6","Ward surfaces",NA
"196",196,196,"42139_1#296","42139_1#296","Klebsiella pneumoniae","ST129","CIU10KB1","Neonate's cot","DHCKN"
"197",197,197,"42139_1#32","42139_1#32","Klebsiella pneumoniae","ST514","CIT152B1","Neonate's cot","VNKRD"
"198",198,198,"42756_2#249","42756_2#249","Klebsiella pneumoniae","ST307","CIS14JH1","Mother's hands","81247"
"199",199,199,"42139_1#216","42139_1#216","Klebsiella pneumoniae","ST4327","CIU13YS2","Mother's stool","51648"
"200",200,200,"42756_2#103","42756_2#103","Klebsiella pneumoniae","ST129","CIV13HE7","Ward surfaces",NA
"201",201,201,"42601_1#167","42601_1#167","Klebsiella pneumoniae","ST1552","CIU105S2","Mother's stool","91568"
"202",202,202,"42756_2#106","42756_2#106","Klebsiella pneumoniae","ST307","CIV13VE6","Ward surfaces",NA
"203",203,203,"42139_1#184","42139_1#184","Klebsiella pneumoniae","ST2793","CIT101S1","Neonate's stool","NZKSH"
"204",204,204,"42756_2#305","42756_2#305","Klebsiella pneumoniae","ST129","CIV135E4","Ward surfaces",NA
"205",205,205,"47963_2#225","47963_2#225","Klebsiella pneumoniae","ST307","CIV130U1","Ward surfaces",NA
"206",206,206,"47963_2#137","47963_2#137","Klebsiella pneumoniae","ST2668","CIT15AS2","Mother's stool","16520"
"207",207,207,"42756_3#107","42756_3#107","Klebsiella pneumoniae","ST2793","CIV10DE9","Ward surfaces",NA
"208",208,208,"43416_2#206","43416_2#206","Klebsiella pneumoniae","ST3559","CIV13XE7","Ward surfaces",NA
"209",209,209,"42139_1#113","42139_1#113","Klebsiella pneumoniae","ST15","CIT15BS1","Neonate's stool","DZKSR"
"210",210,210,"43416_2#33","43416_2#33","Klebsiella pneumoniae","ST17","CIV101E1","Ward surfaces",NA
"211",211,211,"47963_2#168","47963_2#168","Klebsiella pneumoniae","ST26-1LV","CIV13XE5","Ward surfaces",NA
"212",212,212,"42139_1#272","42139_1#272","Klebsiella pneumoniae","ST15","CIT10FB1","Neonate's cot","BRSDC"
"213",213,213,"42070_1#188","42070_1#188","Klebsiella pneumoniae","ST35","CIT10DB1","Neonate's cot","VHSCZ"
"214",214,214,"42139_1#26","42139_1#26","Klebsiella pneumoniae","ST15","CIS152B1","Neonate's cot","NVSBH"
"215",215,215,"42756_2#258","42756_2#258","Klebsiella pneumoniae","ST14","CIV10PE5","Ward surfaces",NA
"216",216,216,"47963_2#335","47963_2#335","Klebsiella pneumoniae","ST17","CIV10ME2","Ward surfaces",NA
"217",217,217,"42756_3#127","42756_3#127","Klebsiella pneumoniae","ST14","CIV10ME6","Ward surfaces",NA
"218",218,218,"43416_2#247","43416_2#247","Klebsiella pneumoniae","ST307","CIV13YE4","Ward surfaces",NA
"219",219,219,"43416_2#162","43416_2#162","Klebsiella pneumoniae","ST340","CIV113E9","Ward surfaces",NA
"220",220,220,"42756_2#180","42756_2#180","Klebsiella pneumoniae","ST307","CIV13C_K","Ward surfaces",NA
"221",221,221,"43416_2#94","43416_2#94","Klebsiella pneumoniae","ST25","CIV138E9","Ward surfaces",NA
"222",222,222,"47963_2#323","47963_2#323","Klebsiella pneumoniae","ST2793","CIV10JE8","Ward surfaces",NA
"223",223,223,"43416_2#123","43416_2#123","Klebsiella pneumoniae","ST307","CIV139U1","Ward surfaces",NA
"224",224,224,"43416_2#70","43416_2#70","Klebsiella pneumoniae","ST15","CIV114E9","Ward surfaces",NA
"225",225,225,"42070_1#242","42070_1#242","Klebsiella pneumoniae","ST2793","CIS10GH1","Mother's hands","49681"
"226",226,226,"43416_2#144","43416_2#144","Klebsiella pneumoniae","ST37","CIT141S2","Mother's stool","76021"
"227",227,227,"43416_2#130","43416_2#130","Klebsiella pneumoniae","ST4083","CIS14WB1","Neonate's cot","ZSKBD"
"228",228,228,"42139_1#323","42139_1#323","Klebsiella pneumoniae","ST307","CIS14BC1","Swaddling cloth","ZSHVR"
"229",229,229,"47963_2#69","47963_2#69","Klebsiella pneumoniae","ST35","CIV10ME4","Ward surfaces",NA
"230",230,230,"42756_2#183","42756_2#183","Klebsiella pneumoniae","ST86","CIT10KH1","Mother's hands","43012"
"231",231,231,"42756_2#206","42756_2#206","Klebsiella pneumoniae","ST307","CIV13BE6","Ward surfaces",NA
"232",232,232,"42139_1#56","42139_1#56","Klebsiella pneumoniae","ST17","CIT10GB1","Neonate's cot","RKDNZ"
"233",233,233,"42139_1#189","42139_1#189","Klebsiella pneumoniae","ST307","CIS15LB1","Neonate's cot","RKSDC"
"234",234,234,"43416_2#165","43416_2#165","Klebsiella pneumoniae","ST54","CIV113E9","Ward surfaces",NA
"235",235,235,"42139_1#59","42139_1#59","Klebsiella pneumoniae","ST348","CIS15EB1","Neonate's cot","CDVKN"
"236",236,236,"42139_1#240","42139_1#240","Klebsiella pneumoniae","ST399","CIS149B1","Neonate's cot","NCSRK"
"237",237,237,"42139_1#308","42139_1#308","Klebsiella pneumoniae","ST2268","CIS155C1","Swaddling cloth","HRVKZ"
"238",238,238,"47963_2#16","47963_2#16","Klebsiella pneumoniae","ST15","CIV13LE6","Ward surfaces",NA
"239",239,239,"43416_2#173","43416_2#173","Klebsiella pneumoniae","ST307","CIV132U1","Ward surfaces",NA
"240",240,240,"42756_3#163","42756_3#163","Klebsiella pneumoniae","ST567","CIV132E6","Ward surfaces",NA
"241",241,241,"47963_2#231","47963_2#231","Klebsiella pneumoniae","ST1106","CIT109S1","Neonate's stool","VCZRH"
"242",242,242,"42756_3#56","42756_3#56","Klebsiella pneumoniae","ST35","CIV108E9","Ward surfaces",NA
"243",243,243,"42756_2#257","42756_2#257","Klebsiella pneumoniae","ST101","CIU13TH1","Mother's hands","96452"
"244",244,244,"42601_1#135","42601_1#135","Klebsiella pneumoniae","ST394","CIV10BE8","Ward surfaces",NA
"245",245,245,"43416_2#136","43416_2#136","Klebsiella pneumoniae","ST101","CIV130E3","Ward surfaces",NA
"246",246,246,"42756_3#183","42756_3#183","Klebsiella pneumoniae","ST101","CIV13KE2","Ward surfaces",NA
"247",247,247,"47963_2#321","47963_2#321","Klebsiella pneumoniae","ST1106","CIV106U1","Ward surfaces",NA
"248",248,248,"42601_1#99","42601_1#99","Klebsiella pneumoniae","ST17","CIU148H1","Mother's hands","43705"
"249",249,249,"43416_2#55","43416_2#55","Klebsiella pneumoniae","ST39","CIV101E1","Ward surfaces",NA
"250",250,250,"47963_2#331","47963_2#331","Klebsiella pneumoniae","ST2793","CIV10LE4","Ward surfaces",NA
"251",251,251,"42070_1#276","42070_1#276","Klebsiella pneumoniae","ST35","CIT10FS2","Mother's stool","86132"
"252",252,252,"42139_1#252","42139_1#252","Klebsiella pneumoniae","ST692","CIU13YH1","Mother's hands","51648"
"253",253,253,"42601_1#188","42601_1#188","Klebsiella pneumoniae","ST17","CIV116E5","Ward surfaces",NA
"254",254,254,"42139_1#22","42139_1#22","Klebsiella pneumoniae","ST29","CIT13LB1","Neonate's cot","DHCKN"
"255",255,255,"42139_1#157","42139_1#157","Klebsiella pneumoniae","ST101","CIU13JB1","Neonate's cot","NCSRK"
"256",256,256,"42139_1#241","42139_1#241","Klebsiella pneumoniae","ST15","CIT13TS1","Neonate's stool","CNRVK"
"257",257,257,"47963_2#139","47963_2#139","Klebsiella pneumoniae","ST215","CIV106E2","Ward surfaces",NA
"258",258,258,"42070_1#244","42070_1#244","Klebsiella pneumoniae","ST3132","CIU10GB1","Neonate's cot","RKDNZ"
"259",259,259,"42139_1#312","42139_1#312","Klebsiella pneumoniae","ST340","CIS14FS1","Neonate's stool","CNRVK"
"260",260,260,"47963_2#233","47963_2#233","Klebsiella pneumoniae","ST14","CIV114E5","Ward surfaces",NA
"261",261,261,"42756_2#161","42756_2#161","Klebsiella pneumoniae","ST48","CIT10IH1","Mother's hands","83719"
"262",262,262,"42756_2#242","42756_2#242","Klebsiella pneumoniae","ST15","CIU13NH1","Mother's hands","40592"
"263",263,263,"42139_1#223","42139_1#223","Klebsiella pneumoniae","ST15","CIT13TB1","Neonate's cot","CNRVK"
"264",264,264,"42139_1#302","42139_1#302","Klebsiella pneumoniae","ST3132","CIS13MC1","Swaddling cloth","DSKZH"
"265",265,265,"42139_1#345","42139_1#345","Klebsiella pneumoniae","ST716","CIT10JS2","Mother's stool","62380"
"266",266,266,"42139_1#246","42139_1#246","Klebsiella pneumoniae","ST15","CIU146H1","Mother's hands","59380"
"267",267,267,"47963_2#259","47963_2#259","Klebsiella pneumoniae","ST29","CIV10TE8","Ward surfaces",NA
"268",268,268,"47963_2#174","47963_2#174","Klebsiella pneumoniae","ST15","CIV13QE4","Ward surfaces",NA
"269",269,269,"42139_1#120","42139_1#120","Klebsiella pneumoniae","ST692","CIU13YB1","Neonate's cot","NKZCV"
"270",270,270,"42756_3#131","42756_3#131","Klebsiella pneumoniae","ST3559","CIV10IE7","Ward surfaces",NA
"271",271,271,"43416_2#166","43416_2#166","Klebsiella pneumoniae","ST1799","CIV105E2","Ward surfaces",NA
"272",272,272,"47963_2#195","47963_2#195","Klebsiella pneumoniae","ST1418","CIV131E6","Ward surfaces",NA
"273",273,273,"43416_2#61","43416_2#61","Klebsiella pneumoniae","ST3132","CIV10MU1","Ward surfaces",NA
"274",274,274,"43416_2#115","43416_2#115","Klebsiella pneumoniae","ST17","CIV138E7","Ward surfaces",NA
"275",275,275,"42756_3#139","42756_3#139","Klebsiella pneumoniae","ST2793","CIV10TE1","Ward surfaces",NA
"276",276,276,"43416_2#202","43416_2#202","Klebsiella pneumoniae","ST17","CIV106E1","Ward surfaces",NA
"277",277,277,"42139_1#210","42139_1#210","Klebsiella pneumoniae","ST2793","CIU104S1","Neonate's stool","HZBCR"
"278",278,278,"43416_2#111","43416_2#111","Klebsiella pneumoniae","ST147","CIU13QS1","Neonate's stool","DVRZC"
"279",279,279,"43416_2#145","43416_2#145","Klebsiella pneumoniae","ST323","CIV10YE2","Ward surfaces",NA
"280",280,280,"42756_3#151","42756_3#151","Klebsiella pneumoniae","ST567","CIV113E6","Ward surfaces",NA
"281",281,281,"42139_1#343","42139_1#343","Klebsiella pneumoniae","ST15","CIU13WS2","Mother's stool","72395"
"282",282,282,"42139_1#160","42139_1#160","Klebsiella pneumoniae","ST39","CIS109B1","Neonate's cot","KZRVC"
"283",283,283,"47963_2#301","47963_2#301","Klebsiella pneumoniae","ST26-1LV","CIV10UE5","Ward surfaces",NA
"284",284,284,"42756_2#195","42756_2#195","Klebsiella pneumoniae","ST39","CIV10GU1","Ward surfaces",NA
"285",285,285,"47963_2#193","47963_2#193","Klebsiella pneumoniae","ST15","CIV116U1","Ward surfaces",NA
"286",286,286,"42756_2#148","42756_2#148","Klebsiella pneumoniae","ST39","CIV10FE2","Ward surfaces",NA
"287",287,287,"42601_1#41","42601_1#41","Klebsiella pneumoniae","ST307","CIU141H1","Mother's hands","80945"
"288",288,288,"42139_1#358","42139_1#358","Klebsiella pneumoniae","ST1552","CIS13UB1","Neonate's cot","HRDBZ"
"289",289,289,"43416_2#16","43416_2#16","Klebsiella pneumoniae","ST101","CIV10YE9","Ward surfaces",NA
"290",290,290,"47963_2#66","47963_2#66","Klebsiella pneumoniae","ST101","CIV13PU1","Ward surfaces",NA
"291",291,291,"42139_1#180","42139_1#180","Klebsiella pneumoniae","ST607","CIT100B1","Neonate's cot","CNVBK"
"292",292,292,"42756_2#133","42756_2#133","Klebsiella pneumoniae","ST307","CIV13PE6","Ward surfaces",NA
"293",293,293,"42139_1#151","42139_1#151","Klebsiella pneumoniae","ST29","CIT13QS1","Neonate's stool","VNKBR"
"294",294,294,"42139_1#178","42139_1#178","Klebsiella pneumoniae","ST3132","CIS10AB1","Neonate's cot","DCBKN"
"295",295,295,"42756_2#307","42756_2#307","Klebsiella pneumoniae","ST15","CIV135E5","Ward surfaces",NA
"296",296,296,"42139_1#119","42139_1#119","Klebsiella pneumoniae","ST17","CIU144B1","Neonate's cot","ZKRHC"
"297",297,297,"42601_1#132","42601_1#132","Klebsiella pneumoniae","ST394","CIV10BE7","Ward surfaces",NA
"298",298,298,"42139_1#351","42139_1#351","Klebsiella pneumoniae","ST2268","CIS15JC1","Swaddling cloth","HCSND"
"299",299,299,"47963_2#98","47963_2#98","Klebsiella pneumoniae","ST15","CIV135U1","Ward surfaces",NA
"300",300,300,"47963_2#226","47963_2#226","Klebsiella pneumoniae","ST15","CIV13RE6","Ward surfaces",NA
"301",301,301,"42070_1#250","42070_1#250","Klebsiella pneumoniae","ST35","CIU10FS1","Neonate's stool","BRSDC"
"302",302,302,"43416_2#143","43416_2#143","Klebsiella pneumoniae","ST3559","CIV133E3","Ward surfaces",NA
"303",303,303,"42139_1#219","42139_1#219","Klebsiella pneumoniae","ST26-1LV","CIU147B1","Neonate's cot","ZRBDK"
"304",304,304,"42756_2#269","42756_2#269","Klebsiella pneumoniae","ST14","CIV10QE4","Ward surfaces",NA
"305",305,305,"42601_1#96","42601_1#96","Klebsiella pneumoniae","ST584","CIT15EH1","Mother's hands","2671"
"306",306,306,"43416_2#259","43416_2#259","Klebsiella pneumoniae","ST628","CIV13RE8","Ward surfaces",NA
"307",307,307,"43416_2#39","43416_2#39","Klebsiella pneumoniae","ST340","CIS144B1","Neonate's cot","DBCSR"
"308",308,308,"47963_2#325","47963_2#325","Klebsiella pneumoniae","ST15","CIV10PE2","Ward surfaces",NA
"309",309,309,"47963_2#166","47963_2#166","Klebsiella pneumoniae","ST29-1LV","CIV13YE2","Ward surfaces",NA
"310",310,310,"42139_1#82","42139_1#82","Klebsiella pneumoniae","ST4083","CIT10KS1","Neonate's stool","ZNHVD"
"311",311,311,"43416_2#146","43416_2#146","Klebsiella pneumoniae","ST607","CIS101C1","Swaddling cloth","ZCNRV"
"312",312,312,"42756_2#261","42756_2#261","Klebsiella pneumoniae","ST14","CIV10QE1","Ward surfaces",NA
"313",313,313,"42139_1#250","42139_1#250","Klebsiella pneumoniae","ST307","CIT157H1","Mother's hands","80945"
"314",314,314,"42139_1#5","42139_1#5","Klebsiella pneumoniae","ST340","CIT156S2","Mother's stool","67045"
"315",315,315,"42139_1#255","42139_1#255","Klebsiella pneumoniae","ST15","CIU13MS1","Neonate's stool","ZNBHC"
"316",316,316,"42139_1#347","42139_1#347","Klebsiella pneumoniae","ST39","CIT157S2","Mother's stool","80945"
"317",317,317,"47963_2#235","47963_2#235","Klebsiella pneumoniae","ST15","CIV10SE7","Ward surfaces",NA
"318",318,318,"42756_2#176","42756_2#176","Klebsiella pneumoniae","ST48","CIU10HH1","Mother's hands","83719"
"319",319,319,"42601_1#85","42601_1#85","Klebsiella pneumoniae","ST15","CIV136E8","Ward surfaces",NA
"320",320,320,"42070_1#254","42070_1#254","Klebsiella pneumoniae","ST35","CIU10FB1","Neonate's cot","BRSDC"
"321",321,321,"42139_1#268","42139_1#268","Klebsiella pneumoniae","ST14","CIT107B1","Neonate's cot","NVRSB"
"322",322,322,"42139_1#123","42139_1#123","Klebsiella pneumoniae","ST45","CIU145S1","Neonate's stool","CDVKN"
"323",323,323,"42139_1#181","42139_1#181","Klebsiella pneumoniae","ST101","CIT13PB1","Neonate's cot","NCSRK"
"324",324,324,"42601_1#39","42601_1#39","Klebsiella pneumoniae","ST48","CIV13IE3","Ward surfaces",NA
"325",325,325,"42756_3#66","42756_3#66","Klebsiella pneumoniae","ST3132","CIV109E6","Ward surfaces",NA
"326",326,326,"42601_1#71","42601_1#71","Klebsiella pneumoniae","ST101","CIV13QE3","Ward surfaces",NA
"327",327,327,"47963_2#48","47963_2#48","Klebsiella pneumoniae","ST15","CIV13PE5","Ward surfaces",NA
"328",328,328,"47963_2#263","47963_2#263","Klebsiella pneumoniae","ST2793","CIV10VE4","Ward surfaces",NA
"329",329,329,"42070_1#248","42070_1#248","Klebsiella pneumoniae","ST3108-1LV","CIU10FS2","Mother's stool","86132"
"330",330,330,"42139_1#251","42139_1#251","Klebsiella pneumoniae","ST2570","CIT158S2","Mother's stool","35067"
"331",331,331,"47963_2#237","47963_2#237","Klebsiella pneumoniae","ST17","CIV13LE7","Ward surfaces",NA
"332",332,332,"42756_2#181","42756_2#181","Klebsiella pneumoniae","ST3132","CIV109E3","Ward surfaces",NA
"333",333,333,"42139_1#96","42139_1#96","Klebsiella pneumoniae","ST307","CIT157S1","Neonate's stool","NKRSD"
"334",334,334,"43416_2#219","43416_2#219","Klebsiella pneumoniae","ST307","CIV13SE4","Ward surfaces",NA
"335",335,335,"42756_3#76","42756_3#76","Klebsiella pneumoniae","ST307","CIV13EE6","Ward surfaces",NA
"336",336,336,"42756_2#280","42756_2#280","Klebsiella pneumoniae","ST17","CIT152H1","Mother's hands","35801"
"337",337,337,"43416_2#231","43416_2#231","Klebsiella pneumoniae","ST966","CIV10DE3","Ward surfaces",NA
"338",338,338,"42139_1#126","42139_1#126","Klebsiella pneumoniae","ST39","CIU140S1","Neonate's stool","ZDVSC"
"339",339,339,"42601_1#160","42601_1#160","Klebsiella pneumoniae","ST1799","CIT101S2","Mother's stool","29476"
"340",340,340,"47963_2#72","47963_2#72","Klebsiella pneumoniae","ST101","CIT13VS1","Neonate's stool","ZVRKS"
"341",341,341,"42139_1#359","42139_1#359","Klebsiella pneumoniae","ST607","CIS13WB1","Neonate's cot","BVZKS"
"342",342,342,"42601_1#175","42601_1#175","Klebsiella pneumoniae","ST307","CIV116E9","Ward surfaces",NA
"343",343,343,"42139_1#242","42139_1#242","Klebsiella pneumoniae","ST3132","CIS14BH1","Mother's hands","61792"
"344",344,344,"42139_1#186","42139_1#186","Klebsiella pneumoniae","ST3132","CIT102B1","Neonate's cot","HZBCR"
"345",345,345,"42756_2#141","42756_2#141","Klebsiella pneumoniae","ST551","CIV110E4","Ward surfaces",NA
"346",346,346,"42601_1#91","42601_1#91","Klebsiella pneumoniae","ST17","CIT15DH1","Mother's hands","43705"
"347",347,347,"42756_3#88","42756_3#88","Klebsiella pneumoniae","ST101","CIV13PE2","Ward surfaces",NA
"348",348,348,"42139_1#185","42139_1#185","Klebsiella pneumoniae","ST307","CIS15JB1","Neonate's cot","HCSND"
"349",349,349,"42756_2#338","42756_2#338","Klebsiella pneumoniae","ST129","CIV13CU1","Ward surfaces",NA
"350",350,350,"42139_1#63","42139_1#63","Klebsiella pneumoniae","ST15","CIS15GS1","Neonate's stool","DZKSR"
"351",351,351,"42601_1#147","42601_1#147","Klebsiella pneumoniae","ST1427","CIV10BE5","Ward surfaces",NA
"352",352,352,"47963_2#196","47963_2#196","Klebsiella pneumoniae","ST26-1LV","CIV13XE8","Ward surfaces",NA
"353",353,353,"42139_1#190","42139_1#190","Klebsiella pneumoniae","ST2793","CIU102B1","Neonate's cot","CNVBK"
"354",354,354,"42139_1#53","42139_1#53","Klebsiella pneumoniae","ST17","CIU144S2","Mother's stool","28691"
"355",355,355,"47963_2#143","47963_2#143","Klebsiella pneumoniae","ST551","CIV111E1","Ward surfaces",NA
"356",356,356,"47963_2#186","47963_2#186","Klebsiella pneumoniae","ST15","CIV133E8","Ward surfaces",NA
"357",357,357,"43416_2#108","43416_2#108","Klebsiella pneumoniae","ST48","CIV13DE5","Ward surfaces",NA
"358",358,358,"43416_2#235","43416_2#235","Klebsiella pneumoniae","ST48","CIV13EU1","Ward surfaces",NA
"359",359,359,"43416_2#152","43416_2#152","Klebsiella pneumoniae","ST607","CIS101H1","Mother's hands","51837"
"360",360,360,"43416_2#253","43416_2#253","Klebsiella pneumoniae","ST607","CIV13NE3","Ward surfaces",NA
"361",361,361,"43416_2#67","43416_2#67","Klebsiella pneumoniae","ST14","CIV10YE3","Ward surfaces",NA
"362",362,362,"42139_1#50","42139_1#50","Klebsiella pneumoniae","ST15","CIT153S1","Neonate's stool","NVSBH"
"363",363,363,"47963_2#201","47963_2#201","Klebsiella pneumoniae","ST15","CIV10YE6","Ward surfaces",NA
"364",364,364,"47963_2#265","47963_2#265","Klebsiella pneumoniae","ST307","CIV10UE8","Ward surfaces",NA
"365",365,365,"42139_1#238","42139_1#238","Klebsiella pneumoniae","ST15","CIS10GB1","Neonate's cot","DRZVB"
"366",366,366,"47963_2#4","47963_2#4","Klebsiella pneumoniae","ST15","CIV13KU1","Ward surfaces",NA
"367",367,367,"42139_1#7","42139_1#7","Klebsiella pneumoniae","ST2268","CIT155S2","Mother's stool","62817"
"368",368,368,"42139_1#57","42139_1#57","Klebsiella pneumoniae","ST348","CIS15BB1","Neonate's cot","ZKRHC"
"369",369,369,"42756_2#191","42756_2#191","Klebsiella pneumoniae","ST39","CIV10GE7","Ward surfaces",NA
"370",370,370,"42756_2#18","42756_2#18","Klebsiella pneumoniae","ST198","CIV111U1","Ward surfaces",NA
"371",371,371,"42070_1#280","42070_1#280","Klebsiella pneumoniae","ST20","CIT10EH1","Mother's hands","26980"
"372",372,372,"42601_1#19","42601_1#19","Klebsiella pneumoniae","ST15","CIS156S2","Mother's stool","62817"
"373",373,373,"42139_1#91","42139_1#91","Klebsiella pneumoniae","ST15","CIT15BB1","Neonate's cot","DZKSR"
"374",374,374,"42070_2#49","42070_2#49","Klebsiella pneumoniae","ST34","CIS13VH1","Mother's hands","27493"
"375",375,375,"42756_2#118","42756_2#118","Klebsiella pneumoniae","ST307","CIV13QE2","Ward surfaces",NA
"376",376,376,"42756_2#260","42756_2#260","Klebsiella pneumoniae","ST17","CIV13CE1","Ward surfaces",NA
"377",377,377,"42756_3#122","42756_3#122","Klebsiella pneumoniae","ST551","CIV10LE3","Ward surfaces",NA
"378",378,378,"42139_1#248","42139_1#248","Klebsiella pneumoniae","ST307","CIU140H1","Mother's hands","62817"
"379",379,379,"42139_1#94","42139_1#94","Klebsiella pneumoniae","ST15","CIT156S1","Neonate's stool","HRVKZ"
"380",380,380,"42756_3#155","42756_3#155","Klebsiella pneumoniae","ST307","CIV113E4","Ward surfaces",NA
"381",381,381,"42601_1#27","42601_1#27","Klebsiella pneumoniae","ST307","CIV13HE4","Ward surfaces",NA
"382",382,382,"42756_2#227","42756_2#227","Klebsiella pneumoniae","ST3311","CIV103E1","Ward surfaces",NA
"383",383,383,"42139_1#52","42139_1#52","Klebsiella pneumoniae","ST15","CIT154S1","Neonate's stool","NKZCV"
"384",384,384,"42756_3#41","42756_3#41","Klebsiella pneumoniae","ST35","CIS155H1","Mother's hands","67045"
"385",385,385,"43416_2#13","43416_2#13","Klebsiella pneumoniae","ST45","CIS144H1","Mother's hands","36209"
"386",386,386,"43416_2#148","43416_2#148","Klebsiella pneumoniae","ST2167","CIV13KE5","Ward surfaces",NA
"387",387,387,"42139_1#270","42139_1#270","Klebsiella pneumoniae","ST15","CIT10ES1","Neonate's stool","VZBDK"
"388",388,388,"42756_2#168","42756_2#168","Klebsiella pneumoniae","ST1552","CIU10GH1","Mother's hands","27493"
"389",389,389,"42756_2#235","42756_2#235","Klebsiella pneumoniae","ST39","CIV103E2","Ward surfaces",NA
"390",390,390,"42756_2#153","42756_2#153","Klebsiella pneumoniae","ST48","CIS13WS2","Mother's stool","83719"
"391",391,391,"43416_2#1","43416_2#1","Klebsiella pneumoniae","ST219","CIV133E5","Ward surfaces",NA
"392",392,392,"42139_1#356","42139_1#356","Klebsiella pneumoniae","ST15","CIT151S1","Neonate's stool","BDRSC"
"393",393,393,"42601_1#35","42601_1#35","Klebsiella pneumoniae","ST15","CIU13ZH1","Mother's hands","67045"
"394",394,394,"42601_1#105","42601_1#105","Klebsiella pneumoniae","ST340","CIU149H1","Mother's hands","38520"
"395",395,395,"42756_2#154","42756_2#154","Klebsiella pneumoniae","ST39","CIV108E1","Ward surfaces",NA
"396",396,396,"42756_2#169","42756_2#169","Klebsiella pneumoniae","ST3132","CIV108E7","Ward surfaces",NA
"397",397,397,"43416_2#103","43416_2#103","Klebsiella pneumoniae","ST3435","CIV138E4","Ward surfaces",NA
"398",398,398,"42756_2#223","42756_2#223","Klebsiella pneumoniae","ST307","CIT13SH1","Mother's hands","61792"
"399",399,399,"42756_2#293","42756_2#293","Klebsiella pneumoniae","ST2793","CIV10VE7","Ward surfaces",NA
"400",400,400,"42070_2#89","42070_2#89","Klebsiella pneumoniae","ST35","CIS140B1","Neonate's cot","ZNHVD"
"401",401,401,"42139_1#62","42139_1#62","Klebsiella pneumoniae","ST567","CIT10JS1","Neonate's stool","BZCHV"
"402",402,402,"42070_1#274","42070_1#274","Klebsiella pneumoniae","ST35","CIT10FH1","Mother's hands","86132"
"403",403,403,"42756_2#322","42756_2#322","Klebsiella pneumoniae","ST15","CIV136E3","Ward surfaces",NA
"404",404,404,"42139_1#357","42139_1#357","Klebsiella pneumoniae","ST15","CIU13TS1","Neonate's stool","VZBKN"
"405",405,405,"47963_2#77","47963_2#77","Klebsiella pneumoniae","ST15","CIT152B1","Neonate's cot","VNKRD"
"406",406,406,"43416_2#272","43416_2#272","Klebsiella pneumoniae","ST1799","CIV13ME8","Ward surfaces",NA
"407",407,407,"47963_2#136","47963_2#136","Klebsiella pneumoniae","ST307","CIV139E2","Ward surfaces",NA
"408",408,408,"43416_2#160","43416_2#160","Klebsiella pneumoniae","ST25","CIS14QH1","Mother's hands","98271"
"409",409,409,"47963_2#35","47963_2#35","Klebsiella pneumoniae","ST35","CIS109H1","Mother's hands","31752"
"410",410,410,"42139_1#224","42139_1#224","Klebsiella pneumoniae","ST307","CIT15CH1","Mother's hands","97402"
"411",411,411,"42070_1#282","42070_1#282","Klebsiella pneumoniae","ST25","CIU10ES2","Mother's stool","58670"
"412",412,412,"47963_2#198","47963_2#198","Klebsiella pneumoniae","ST26-1LV","CIV13XE3","Ward surfaces",NA
"413",413,413,"47963_2#199","47963_2#199","Klebsiella pneumoniae","ST29","CIV10XE3","Ward surfaces",NA
"414",414,414,"42139_1#87","42139_1#87","Klebsiella pneumoniae","ST584","CIS16LS1","Neonate's stool","SRBDC"
"415",415,415,"43416_2#241","43416_2#241","Klebsiella pneumoniae","ST147","CIU13QB1","Neonate's cot","DVRZC"
"416",416,416,"42139_1#149","42139_1#149","Klebsiella pneumoniae","ST896","CIU148S1","Neonate's stool","HCSND"
"417",417,417,"43416_2#184","43416_2#184","Klebsiella pneumoniae","ST307","CIV13SE9","Ward surfaces",NA
"418",418,418,"47963_2#106","47963_2#106","Klebsiella pneumoniae","ST307","CIV13BE7","Ward surfaces",NA
"419",419,419,"42139_1#264","42139_1#264","Klebsiella pneumoniae","ST15","CIS158B1","Neonate's cot","NKRSD"
"420",420,420,"47963_2#299","47963_2#299","Klebsiella pneumoniae","ST39","CIV108E2","Ward surfaces",NA
"421",421,421,"47963_2#188","47963_2#188","Klebsiella pneumoniae","ST15","CIU13LB1","Neonate's cot","CNRVK"
"422",422,422,"42756_2#310","42756_2#310","Klebsiella pneumoniae","ST39","CIV135E8","Ward surfaces",NA
"423",423,423,"43416_2#182","43416_2#182","Klebsiella pneumoniae","ST307","CIV13SE2","Ward surfaces",NA
"424",424,424,"47963_2#167","47963_2#167","Klebsiella pneumoniae","ST39","CIU13IB1","Neonate's cot","HDKRN"
"425",425,425,"42139_1#258","42139_1#258","Klebsiella pneumoniae","ST15","CIS149B1","Neonate's cot","NCSRK"
"426",426,426,"47963_2#208","47963_2#208","Klebsiella pneumoniae","ST4083","CIV13PE4","Ward surfaces",NA
"427",427,427,"43416_2#225","43416_2#225","Klebsiella pneumoniae","ST551","CIV10LE2","Ward surfaces",NA
"428",428,428,"42756_2#234","42756_2#234","Klebsiella pneumoniae","ST29","CIV130E2","Ward surfaces",NA
"429",429,429,"42756_2#253","42756_2#253","Klebsiella pneumoniae","ST14","CIV10PE4","Ward surfaces",NA
"430",430,430,"42139_1#333","42139_1#333","Klebsiella pneumoniae","ST2793","CIS13MS1","Neonate's stool","DSKZH"
"431",431,431,"47963_2#227","47963_2#227","Klebsiella pneumoniae","ST15","CIV132E7","Ward surfaces",NA
"432",432,432,"42139_1#244","42139_1#244","Klebsiella pneumoniae","ST2668","CIU145H1","Mother's hands","7841"
"433",433,433,"47963_2#44","47963_2#44","Klebsiella pneumoniae","ST15","CIV13ME3","Ward surfaces",NA
"434",434,434,"42601_1#49","42601_1#49","Klebsiella pneumoniae","ST15","CIV136E5","Ward surfaces",NA
"435",435,435,"43416_2#267","43416_2#267","Klebsiella pneumoniae","ST15","CIV13LE1","Ward surfaces",NA
"436",436,436,"42756_2#288","42756_2#288","Klebsiella pneumoniae","ST45","CIV10VE6","Ward surfaces",NA
"437",437,437,"43416_2#131","43416_2#131","Klebsiella pneumoniae","ST3559","CIS10HB1","Neonate's cot","BKCSV"
"438",438,438,"43416_2#119","43416_2#119","Klebsiella pneumoniae","ST39","CIV10JE2","Ward surfaces",NA
"439",439,439,"42139_1#89","42139_1#89","Klebsiella pneumoniae","ST348","CIT159B1","Neonate's cot","ZKRHC"
"440",440,440,"42756_2#231","42756_2#231","Klebsiella pneumoniae","ST307","CIS14FH1","Mother's hands","20176"
"441",441,441,"43416_2#177","43416_2#177","Klebsiella pneumoniae","ST567","CIV132E2","Ward surfaces",NA
"442",442,442,"42070_2#87","42070_2#87","Klebsiella pneumoniae","ST29","CIS141H1","Mother's hands","46279"
"443",443,443,"42756_3#54","42756_3#54","Klebsiella pneumoniae","ST3132","CIV10NE6","Ward surfaces",NA
"444",444,444,"42139_1#155","42139_1#155","Klebsiella pneumoniae","ST307","CIT13WB1","Neonate's cot","SDHZN"
"445",445,445,"42601_1#32","42601_1#32","Klebsiella pneumoniae","ST391","CIU13XH1","Mother's hands","63201"
"446",446,446,"42756_3#113","42756_3#113","Klebsiella pneumoniae","ST2793","CIV106E8","Ward surfaces",NA
"447",447,447,"47963_2#68","47963_2#68","Klebsiella pneumoniae","ST307","CIV13QE8","Ward surfaces",NA
"448",448,448,"42601_1#124","42601_1#124","Klebsiella pneumoniae","ST39","CIV10AE3","Ward surfaces",NA
"449",449,449,"42601_1#68","42601_1#68","Klebsiella pneumoniae","ST307","CIV13IE7","Ward surfaces",NA
"450",450,450,"42139_1#148","42139_1#148","Klebsiella pneumoniae","ST391","CIS158C1","Swaddling cloth","NKRSD"
"451",451,451,"42139_1#17","42139_1#17","Klebsiella pneumoniae","ST3108-1LV","CIU13TS2","Mother's stool","96452"
"452",452,452,"47963_2#257","47963_2#257","Klebsiella pneumoniae","ST48","CIS13WH1","Mother's hands","83719"
"453",453,453,"42756_2#78","42756_2#78","Klebsiella pneumoniae","ST340","CIV130E5","Ward surfaces",NA
"454",454,454,"47963_2#172","47963_2#172","Klebsiella pneumoniae","ST26-1LV","CIV13XE9","Ward surfaces",NA
"455",455,455,"42139_1#314","42139_1#314","Klebsiella pneumoniae","ST17","CIS10KB1","Neonate's cot","VRCHD"
"456",456,456,"47963_2#197","47963_2#197","Klebsiella pneumoniae","ST307","CIV10YE6","Ward surfaces",NA
"457",457,457,"42139_1#150","42139_1#150","Klebsiella pneumoniae","ST1106","CIS102B1","Neonate's cot","SRHZD"
"458",458,458,"42756_3#70","42756_3#70","Klebsiella pneumoniae","ST48","CIV102U1","Ward surfaces",NA
"459",459,459,"42139_1#363","42139_1#363","Klebsiella pneumoniae","ST567","CIU10JS1","Neonate's stool","BZCHV"
"460",460,460,"43416_2#7","43416_2#7","Klebsiella pneumoniae","ST3132","CIV101E5","Ward surfaces",NA
"461",461,461,"42139_1#279","42139_1#279","Klebsiella pneumoniae","ST2668","CIT104S1","Neonate's stool","KZRVC"
"462",462,462,"47963_2#43","47963_2#43","Klebsiella pneumoniae","ST14","CIV10DE7","Ward surfaces",NA
"463",463,463,"42070_1#180","42070_1#180","Klebsiella pneumoniae","ST3132","CIS13QB1","Neonate's cot","VZBDK"
"464",464,464,"43416_2#137","43416_2#137","Klebsiella pneumoniae","ST17","CIT108H1","Mother's hands","21045"
"465",465,465,"42756_3#86","42756_3#86","Klebsiella pneumoniae","ST48","CIV13IE9","Ward surfaces",NA
"466",466,466,"42139_1#122","42139_1#122","Klebsiella pneumoniae","ST692","CIU13YS1","Neonate's stool","NKZCV"
"467",467,467,"42756_2#340","42756_2#340","Klebsiella pneumoniae","ST4083","CIV13IU1","Ward surfaces",NA
"468",468,468,"43416_2#52","43416_2#52","Klebsiella pneumoniae","ST567","CIV10XE9","Ward surfaces",NA
"469",469,469,"42601_1#196","42601_1#196","Klebsiella pneumoniae","ST15","CIT13VH1","Mother's hands","32465"
"470",470,470,"42139_1#305","42139_1#305","Klebsiella pneumoniae","ST2793","CIV111E8","Ward surfaces",NA
"471",471,471,"42139_1#54","42139_1#54","Klebsiella pneumoniae","ST17","CIT156B1","Neonate's cot","HRVKZ"
"472",472,472,"42756_3#173","42756_3#173","Klebsiella pneumoniae","ST307","CIV13DE8","Ward surfaces",NA
"473",473,473,"42139_1#334","42139_1#334","Klebsiella pneumoniae","ST2793","CIU10BS1","Neonate's stool","RHCBS"
"474",474,474,"43416_2#84","43416_2#84","Klebsiella pneumoniae","ST4083","CIS142B1","Neonate's cot","RCSZD"
"475",475,475,"42601_1#203","42601_1#203","Klebsiella pneumoniae","ST26-1LV","CIV13ZE6","Ward surfaces",NA
"476",476,476,"42756_2#250","42756_2#250","Klebsiella pneumoniae","ST3559","CIV103E8","Ward surfaces",NA
"477",477,477,"42139_1#309","42139_1#309","Klebsiella pneumoniae","ST101","CIT142S1","Neonate's stool","VZBKN"
"478",478,478,"42756_3#92","42756_3#92","Klebsiella pneumoniae","ST307","CIV13PE7","Ward surfaces",NA
"479",479,479,"47963_2#103","47963_2#103","Klebsiella pneumoniae","ST273","CIU14AS2","Mother's stool","36849"
"480",480,480,"42601_1#163","42601_1#163","Klebsiella pneumoniae","ST307","CIU103S2","Mother's stool","29476"
"481",481,481,"42601_1#111","42601_1#111","Klebsiella pneumoniae","ST584","CIS16LH1","Mother's hands","28630"
"482",482,482,"42756_2#37","42756_2#37","Klebsiella pneumoniae","ST628","CIV13UE3","Ward surfaces",NA
"483",483,483,"43416_2#64","43416_2#64","Klebsiella pneumoniae","ST340","CIS145C1","Swaddling cloth","HDKRN"
"484",484,484,"42756_2#194","42756_2#194","Klebsiella pneumoniae","ST54","CIU10KH1","Mother's hands","46279"
"485",485,485,"47963_2#170","47963_2#170","Klebsiella pneumoniae","ST15","CIT156H1","Mother's hands","67045"
"486",486,486,"43416_2#10","43416_2#10","Klebsiella pneumoniae","ST3132","CIV10ME9","Ward surfaces",NA
"487",487,487,"42139_1#285","42139_1#285","Klebsiella pneumoniae","ST29","CIT10HB1","Neonate's cot","HRDBZ"
"488",488,488,"47963_2#5","47963_2#5","Klebsiella pneumoniae","ST101","CIU102H1","Mother's hands","12845"
"489",489,489,"42139_1#29","42139_1#29","Klebsiella pneumoniae","ST15","CIS152C1","Swaddling cloth","NVSBH"
"490",490,490,"43416_2#34","43416_2#34","Klebsiella pneumoniae","ST35","CIV10ME2","Ward surfaces",NA
"491",491,491,"42601_1#213","42601_1#213","Klebsiella pneumoniae","ST111-1LV","CIV143E8","Ward surfaces",NA
"492",492,492,"42139_1#217","42139_1#217","Klebsiella pneumoniae","ST45","CIT15GS1","Neonate's stool","ZVDSC"
"493",493,493,"43416_2#102","43416_2#102","Klebsiella pneumoniae","ST147","CIS14RS2","Mother's stool","76021"
"494",494,494,"47963_2#244","47963_2#244","Klebsiella pneumoniae","ST15","CIV10QE8","Ward surfaces",NA
"495",495,495,"43416_2#232","43416_2#232","Klebsiella pneumoniae","ST25","CIS14QC1","Swaddling cloth","ZVDHR"
"496",496,496,"43416_2#260","43416_2#260","Klebsiella pneumoniae","ST39","CIS108B1","Neonate's cot","RHKBC"
"497",497,497,"43416_2#135","43416_2#135","Klebsiella pneumoniae","ST101","CIV13KE3","Ward surfaces",NA
"498",498,498,"42756_3#179","42756_3#179","Klebsiella pneumoniae","ST307","CIV13IE6","Ward surfaces",NA
"499",499,499,"42139_1#92","42139_1#92","Klebsiella pneumoniae","ST45","CIS159B1","Neonate's cot","CSRNB"
"500",500,500,"47963_2#297","47963_2#297","Klebsiella pneumoniae","ST2793","CIV103E4","Ward surfaces",NA
"501",501,501,"47963_2#97","47963_2#97","Klebsiella pneumoniae","ST607","CIT10IS1","Neonate's stool","BVZKS"
"502",502,502,"42139_1#28","42139_1#28","Klebsiella pneumoniae","ST15","CIS152S1","Neonate's stool","NVSBH"
"503",503,503,"42756_2#277","42756_2#277","Klebsiella pneumoniae","ST39","CIT151S2","Mother's stool","97634"
"504",504,504,"42601_1#119","42601_1#119","Klebsiella pneumoniae","ST2793","CIVVVE8-","Ward surfaces",NA
"505",505,505,"42601_1#77","42601_1#77","Klebsiella pneumoniae","ST2668","CIS15JH1","Mother's hands","43705"
"506",506,506,"42139_1#321","42139_1#321","Klebsiella pneumoniae","ST391","CIT13PS2","Mother's stool","9138"
"507",507,507,"42139_1#355","42139_1#355","Klebsiella pneumoniae","ST584","CIS16LC1","Swaddling cloth","SRBDC"
"508",508,508,"43416_2#73","43416_2#73","Klebsiella pneumoniae","ST617","CIV10YE1","Ward surfaces",NA
"509",509,509,"42139_1#287","42139_1#287","Klebsiella pneumoniae","ST307","CIS148H1","Mother's hands","62751"
"510",510,510,"42070_2#115","42070_2#115","Klebsiella pneumoniae","ST607","CIS13WS1","Neonate's stool","BVZKS"
"511",511,511,"47963_2#13","47963_2#13","Klebsiella pneumoniae","ST39","CIV10FE4","Ward surfaces",NA
"512",512,512,"42139_1#325","42139_1#325","Klebsiella pneumoniae","ST34","CIT10GS2","Mother's stool","27493"
"513",513,513,"42756_3#67","42756_3#67","Klebsiella pneumoniae","ST39","CIV10GE3","Ward surfaces",NA
"514",514,514,"42139_1#60","42139_1#60","Klebsiella pneumoniae","ST48","CIT10IS1","Neonate's stool","BVZKS"
"515",515,515,"42756_2#173","42756_2#173","Klebsiella pneumoniae","ST39","CIV108E8","Ward surfaces",NA
"516",516,516,"42756_2#230","42756_2#230","Klebsiella pneumoniae","ST17","CIV103E2","Ward surfaces",NA
"517",517,517,"43416_2#208","43416_2#208","Klebsiella pneumoniae","ST45","CIV13SE1","Ward surfaces",NA
"518",518,518,"42139_1#24","42139_1#24","Klebsiella pneumoniae","ST607","CIS15LC1","Swaddling cloth","RKSDC"
"519",519,519,"43416_2#114","43416_2#114","Klebsiella pneumoniae","ST39","CIV10JE7","Ward surfaces",NA
"520",520,520,"42139_1#21","42139_1#21","Klebsiella pneumoniae","ST17","CIT145S2","Mother's stool","75826"
"521",521,521,"43416_2#4","43416_2#4","Klebsiella pneumoniae","ST3559","CIV133U1","Ward surfaces",NA
"522",522,522,"47963_2#206","47963_2#206","Klebsiella pneumoniae","ST15","CIV13QE5","Ward surfaces",NA
"523",523,523,"47963_2#293","47963_2#293","Klebsiella pneumoniae","ST2793","CIV113E2","Ward surfaces",NA
"524",524,524,"42139_1#339","42139_1#339","Klebsiella pneumoniae","ST48","CIT143S1","Neonate's stool","VCRHK"
"525",525,525,"42601_1#139","42601_1#139","Klebsiella pneumoniae","ST39","CIV10BE9","Ward surfaces",NA
"526",526,526,"42756_2#344","42756_2#344","Klebsiella pneumoniae","ST48","CIV13HU1","Ward surfaces",NA
"527",527,527,"42756_2#40","42756_2#40","Klebsiella pneumoniae","ST628","CIV13UE6","Ward surfaces",NA
"528",528,528,"42139_1#275","42139_1#275","Klebsiella pneumoniae","ST2668","CIS14QS1","Neonate's stool","ZVDHR"
"529",529,529,"47963_2#205","47963_2#205","Klebsiella pneumoniae","ST307","CIV130E8","Ward surfaces",NA
"530",530,530,"42139_1#145","42139_1#145","Klebsiella pneumoniae","ST15","CIU146S1","Neonate's stool","DZKSR"
"531",531,531,"42756_3#43","42756_3#43","Klebsiella pneumoniae","ST35","CIU13XS2","Mother's stool","63201"
"532",532,532,"42139_1#158","42139_1#158","Klebsiella pneumoniae","ST29","CIS105B1","Neonate's cot","HZBCR"
"533",533,533,"47963_2#295","47963_2#295","Klebsiella pneumoniae","ST39","CIV102E5","Ward surfaces",NA
"534",534,534,"43416_2#155","43416_2#155","Klebsiella pneumoniae","ST39","CIT13NS1","Neonate's stool","HDKRN"
"535",535,535,"42139_1#245","42139_1#245","Klebsiella pneumoniae","ST340","CIT13US1","Neonate's stool","ZNBHC"
"536",536,536,"42139_1#124","42139_1#124","Klebsiella pneumoniae","ST48","CIU13ZB1","Neonate's cot","HRVKZ"
"537",537,537,"47963_2#203","47963_2#203","Klebsiella pneumoniae","ST307","CIV133E9","Ward surfaces",NA
"538",538,538,"47963_2#165","47963_2#165","Klebsiella pneumoniae","ST307","CIU10KS1","Neonate's stool","DHCKN"
"539",539,539,"42756_3#35","42756_3#35","Klebsiella pneumoniae","ST17","CIV10VE2","Ward surfaces",NA
"540",540,540,"42139_1#84","42139_1#84","Klebsiella pneumoniae","ST48","CIU10HS1","Neonate's stool","BVZKS"
"541",541,541,"42601_1#47","42601_1#47","Klebsiella pneumoniae","ST567","CIV136E1","Ward surfaces",NA
"542",542,542,"42601_1#55","42601_1#55","Klebsiella pneumoniae","ST15","CIT15BH1","Mother's hands","59380"
"543",543,543,"47963_2#78","47963_2#78","Klebsiella pneumoniae","ST307","CIV13BE3","Ward surfaces",NA
"544",544,544,"42092_1#94.contigs_spades","42092_1#94","Klebsiella pneumoniae","ST391","BKRMW0","Invasive",NA
"545",545,545,"42139_1#8.contigs_spades","42139_1#8","Klebsiella pneumoniae","ST1799","CAATK9","Invasive",NA
"546",546,546,"42139_1#352.contigs_spades","42139_1#352","Klebsiella pneumoniae","ST54","CAASUI","Invasive",NA
"547",547,547,"42092_1#126.contigs_spades","42092_1#126","Klebsiella pneumoniae","ST15","BKRNV7","Invasive",NA
"548",548,548,"42092_1#220.contigs_spades","42092_1#220","Klebsiella pneumoniae","ST3132","CAAYA3","Invasive",NA
"549",549,549,"42092_1#146.contigs_spades","42092_1#146","Klebsiella pneumoniae","ST15","CAAXLQ","Invasive",NA
"550",550,550,"42092_1#186.contigs_spades","42092_1#186","Klebsiella pneumoniae","ST391","CAAYMZ","Invasive",NA
"551",551,551,"42070_2#3.contigs_spades","42070_2#3","Klebsiella pneumoniae","ST2632","CAAYEH","Invasive",NA
"552",552,552,"42139_1#328.contigs_spades","42139_1#328","Klebsiella pneumoniae","ST17","CAAT57","Invasive",NA
"553",553,553,"42139_1#170.contigs_spades","42139_1#170","Klebsiella pneumoniae","ST3132","CAAVXU","Invasive",NA
"554",554,554,"42092_1#148.contigs_spades","42092_1#148","Klebsiella pneumoniae","ST607","BKRNHC","Invasive",NA
"555",555,555,"42092_1#88.contigs_spades","42092_1#88","Klebsiella pneumoniae","ST307","CAAWXQ","Invasive",NA
"556",556,556,"42139_1#38.contigs_spades","42139_1#38","Klebsiella pneumoniae","ST39","CAATHE","Invasive",NA
"557",557,557,"42139_1#2.contigs_spades","42139_1#2","Klebsiella pneumoniae","ST17","CAASX8","Invasive",NA
"558",558,558,"42092_1#28.contigs_spades","42092_1#28","Klebsiella pneumoniae","ST15","CAAWSV","Invasive",NA
"559",559,559,"42092_1#274.contigs_spades","42092_1#274","Klebsiella pneumoniae","ST584","CAAYEV","Invasive",NA
"560",560,560,"42092_2#9.contigs_spades","42092_2#9","Klebsiella pneumoniae","ST39","CNS1LG","Invasive",NA
